run_id,timestep,seller_id,price,inventory,prod_rate,capacity,units_sold,utilization
70596b79-5a88-41a8-9b94-125a53f5430c,0,19383c3a-9fbc-426e-bb65-815cebb88f00,130,580,80,2000,0,0
70596b79-5a88-41a8-9b94-125a53f5430c,0,bf6ce8c9-85e7-4882-90a4-42cffa82f758,130,580,80,2000,0,0
70596b79-5a88-41a8-9b94-125a53f5430c,0,73bf48bc-d2ec-466e-8090-4781a4edd986,125,192,50,500,8,0.16
70596b79-5a88-41a8-9b94-125a53f5430c,0,e44a6184-0b14-4fcb-a385-e9ed68fe17c4,125,185,50,500,15,0.3
70596b79-5a88-41a8-9b94-125a53f5430c,0,c314bd6c-7b2b-4ca2-9235-878f57e9da29,125,189,50,500,11,0.22
70596b79-5a88-41a8-9b94-125a53f5430c,0,740ddbc7-9ed8-4c96-8673-32f80cbae031,125,200,50,500,0,0
70596b79-5a88-41a8-9b94-125a53f5430c,0,f34b7321-b2bb-4f72-a843-bb3c79fc24aa,115,79,20,200,91,4.55
70596b79-5a88-41a8-9b94-125a53f5430c,0,b65e06a6-02ee-408d-9170-967436ca47f1,115,75,20,200,95,4.75
70596b79-5a88-41a8-9b94-125a53f5430c,1,19383c3a-9fbc-426e-bb65-815cebb88f00,119.6,660,80,2000,0,0
70596b79-5a88-41a8-9b94-125a53f5430c,1,bf6ce8c9-85e7-4882-90a4-42cffa82f758,119.6,654,80,2000,6,0.075
70596b79-5a88-41a8-9b94-125a53f5430c,1,73bf48bc-d2ec-466e-8090-4781a4edd986,117.0,173,50,500,69,1.38
70596b79-5a88-41a8-9b94-125a53f5430c,1,e44a6184-0b14-4fcb-a385-e9ed68fe17c4,118.75,227,50,500,8,0.16
70596b79-5a88-41a8-9b94-125a53f5430c,1,c314bd6c-7b2b-4ca2-9235-878f57e9da29,117.75,214,50,500,25,0.5
70596b79-5a88-41a8-9b94-125a53f5430c,1,740ddbc7-9ed8-4c96-8673-32f80cbae031,115.0,118,50,500,132,2.64
70596b79-5a88-41a8-9b94-125a53f5430c,1,f34b7321-b2bb-4f72-a843-bb3c79fc24aa,158.12,99,20,200,0,0
70596b79-5a88-41a8-9b94-125a53f5430c,1,b65e06a6-02ee-408d-9170-967436ca47f1,160.43,95,20,200,0,0
70596b79-5a88-41a8-9b94-125a53f5430c,2,19383c3a-9fbc-426e-bb65-815cebb88f00,110.03,610,80,2000,130,1.625
70596b79-5a88-41a8-9b94-125a53f5430c,2,bf6ce8c9-85e7-4882-90a4-42cffa82f758,110.93,688,80,2000,46,0.575
70596b79-5a88-41a8-9b94-125a53f5430c,2,73bf48bc-d2ec-466e-8090-4781a4edd986,123.79,221,50,500,2,0.04
70596b79-5a88-41a8-9b94-125a53f5430c,2,e44a6184-0b14-4fcb-a385-e9ed68fe17c4,111.15,231,50,500,46,0.92
70596b79-5a88-41a8-9b94-125a53f5430c,2,c314bd6c-7b2b-4ca2-9235-878f57e9da29,114.22,254,50,500,10,0.2
70596b79-5a88-41a8-9b94-125a53f5430c,2,740ddbc7-9ed8-4c96-8673-32f80cbae031,136.16,168,50,500,0,0
70596b79-5a88-41a8-9b94-125a53f5430c,2,f34b7321-b2bb-4f72-a843-bb3c79fc24aa,145.47,119,20,200,0,0
70596b79-5a88-41a8-9b94-125a53f5430c,2,b65e06a6-02ee-408d-9170-967436ca47f1,147.6,115,20,200,0,0
70596b79-5a88-41a8-9b94-125a53f5430c,3,19383c3a-9fbc-426e-bb65-815cebb88f00,119.11,683,80,2000,7,0.0875
70596b79-5a88-41a8-9b94-125a53f5430c,3,bf6ce8c9-85e7-4882-90a4-42cffa82f758,108.43,685,80,2000,83,1.0375
70596b79-5a88-41a8-9b94-125a53f5430c,3,73bf48bc-d2ec-466e-8090-4781a4edd986,114.38,255,50,500,16,0.32
70596b79-5a88-41a8-9b94-125a53f5430c,3,e44a6184-0b14-4fcb-a385-e9ed68fe17c4,112.48,236,50,500,45,0.9
70596b79-5a88-41a8-9b94-125a53f5430c,3,c314bd6c-7b2b-4ca2-9235-878f57e9da29,107.37,211,50,500,93,1.86
70596b79-5a88-41a8-9b94-125a53f5430c,3,740ddbc7-9ed8-4c96-8673-32f80cbae031,125.27,218,50,500,0,0
70596b79-5a88-41a8-9b94-125a53f5430c,3,f34b7321-b2bb-4f72-a843-bb3c79fc24aa,133.83,139,20,200,0,0
70596b79-5a88-41a8-9b94-125a53f5430c,3,b65e06a6-02ee-408d-9170-967436ca47f1,135.79,135,20,200,0,0
70596b79-5a88-41a8-9b94-125a53f5430c,4,19383c3a-9fbc-426e-bb65-815cebb88f00,110.62,653,80,2000,110,1.375
70596b79-5a88-41a8-9b94-125a53f5430c,4,bf6ce8c9-85e7-4882-90a4-42cffa82f758,111.01,749,80,2000,16,0.2
70596b79-5a88-41a8-9b94-125a53f5430c,4,73bf48bc-d2ec-466e-8090-4781a4edd986,108.89,175,50,500,130,2.6
70596b79-5a88-41a8-9b94-125a53f5430c,4,e44a6184-0b14-4fcb-a385-e9ed68fe17c4,113.6,277,50,500,9,0.18
70596b79-5a88-41a8-9b94-125a53f5430c,4,c314bd6c-7b2b-4ca2-9235-878f57e9da29,118.75,261,50,500,0,0
70596b79-5a88-41a8-9b94-125a53f5430c,4,740ddbc7-9ed8-4c96-8673-32f80cbae031,115.25,268,50,500,0,0
70596b79-5a88-41a8-9b94-125a53f5430c,4,f34b7321-b2bb-4f72-a843-bb3c79fc24aa,123.12,159,20,200,0,0
70596b79-5a88-41a8-9b94-125a53f5430c,4,b65e06a6-02ee-408d-9170-967436ca47f1,124.93,155,20,200,0,0
70596b79-5a88-41a8-9b94-125a53f5430c,5,19383c3a-9fbc-426e-bb65-815cebb88f00,116.98,733,80,2000,0,0
70596b79-5a88-41a8-9b94-125a53f5430c,5,bf6ce8c9-85e7-4882-90a4-42cffa82f758,104.35,708,80,2000,121,1.5125
70596b79-5a88-41a8-9b94-125a53f5430c,5,73bf48bc-d2ec-466e-8090-4781a4edd986,128.49,225,50,500,0,0
70596b79-5a88-41a8-9b94-125a53f5430c,5,e44a6184-0b14-4fcb-a385-e9ed68fe17c4,106.56,282,50,500,45,0.9
70596b79-5a88-41a8-9b94-125a53f5430c,5,c314bd6c-7b2b-4ca2-9235-878f57e9da29,109.25,307,50,500,4,0.08
70596b79-5a88-41a8-9b94-125a53f5430c,5,740ddbc7-9ed8-4c96-8673-32f80cbae031,106.03,254,50,500,64,1.28
70596b79-5a88-41a8-9b94-125a53f5430c,5,f34b7321-b2bb-4f72-a843-bb3c79fc24aa,113.27,177,20,200,2,0.1
70596b79-5a88-41a8-9b94-125a53f5430c,5,b65e06a6-02ee-408d-9170-967436ca47f1,114.94,175,20,200,0,0
70596b79-5a88-41a8-9b94-125a53f5430c,6,19383c3a-9fbc-426e-bb65-815cebb88f00,107.62,806,80,2000,7,0.0875
70596b79-5a88-41a8-9b94-125a53f5430c,6,bf6ce8c9-85e7-4882-90a4-42cffa82f758,111.78,788,80,2000,0,0
70596b79-5a88-41a8-9b94-125a53f5430c,6,73bf48bc-d2ec-466e-8090-4781a4edd986,118.21,275,50,500,0,0
70596b79-5a88-41a8-9b94-125a53f5430c,6,e44a6184-0b14-4fcb-a385-e9ed68fe17c4,107.63,332,50,500,0,0
70596b79-5a88-41a8-9b94-125a53f5430c,6,c314bd6c-7b2b-4ca2-9235-878f57e9da29,101.38,201,50,500,156,3.12
70596b79-5a88-41a8-9b94-125a53f5430c,6,740ddbc7-9ed8-4c96-8673-32f80cbae031,111.12,304,50,500,0,0
70596b79-5a88-41a8-9b94-125a53f5430c,6,f34b7321-b2bb-4f72-a843-bb3c79fc24aa,105.34,144,20,200,53,2.65
70596b79-5a88-41a8-9b94-125a53f5430c,6,b65e06a6-02ee-408d-9170-967436ca47f1,105.74,169,20,200,26,1.3
70596b79-5a88-41a8-9b94-125a53f5430c,7,19383c3a-9fbc-426e-bb65-815cebb88f00,99.95,800,80,2000,86,1.075
70596b79-5a88-41a8-9b94-125a53f5430c,7,bf6ce8c9-85e7-4882-90a4-42cffa82f758,102.84,864,80,2000,4,0.05
70596b79-5a88-41a8-9b94-125a53f5430c,7,73bf48bc-d2ec-466e-8090-4781a4edd986,108.75,323,50,500,2,0.04
70596b79-5a88-41a8-9b94-125a53f5430c,7,e44a6184-0b14-4fcb-a385-e9ed68fe17c4,99.02,237,50,500,145,2.9
70596b79-5a88-41a8-9b94-125a53f5430c,7,c314bd6c-7b2b-4ca2-9235-878f57e9da29,124.9,251,50,500,0,0
70596b79-5a88-41a8-9b94-125a53f5430c,7,740ddbc7-9ed8-4c96-8673-32f80cbae031,102.23,327,50,500,27,0.54
70596b79-5a88-41a8-9b94-125a53f5430c,7,f34b7321-b2bb-4f72-a843-bb3c79fc24aa,124.83,164,20,200,0,0
70596b79-5a88-41a8-9b94-125a53f5430c,7,b65e06a6-02ee-408d-9170-967436ca47f1,111.03,189,20,200,0,0
70596b79-5a88-41a8-9b94-125a53f5430c,8,19383c3a-9fbc-426e-bb65-815cebb88f00,102.7,875,80,2000,5,0.0625
70596b79-5a88-41a8-9b94-125a53f5430c,8,bf6ce8c9-85e7-4882-90a4-42cffa82f758,95.13,782,80,2000,162,2.025
70596b79-5a88-41a8-9b94-125a53f5430c,8,73bf48bc-d2ec-466e-8090-4781a4edd986,100.48,338,50,500,35,0.7
70596b79-5a88-41a8-9b94-125a53f5430c,8,e44a6184-0b14-4fcb-a385-e9ed68fe17c4,119.81,287,50,500,0,0
70596b79-5a88-41a8-9b94-125a53f5430c,8,c314bd6c-7b2b-4ca2-9235-878f57e9da29,114.91,301,50,500,0,0
70596b79-5a88-41a8-9b94-125a53f5430c,8,740ddbc7-9ed8-4c96-8673-32f80cbae031,99.57,301,50,500,76,1.52
70596b79-5a88-41a8-9b94-125a53f5430c,8,f34b7321-b2bb-4f72-a843-bb3c79fc24aa,114.84,184,20,200,0,0
70596b79-5a88-41a8-9b94-125a53f5430c,8,b65e06a6-02ee-408d-9170-967436ca47f1,102.15,194,20,200,6,0.3
70596b79-5a88-41a8-9b94-125a53f5430c,9,19383c3a-9fbc-426e-bb65-815cebb88f00,95.13,829,80,2000,126,1.575
70596b79-5a88-41a8-9b94-125a53f5430c,9,bf6ce8c9-85e7-4882-90a4-42cffa82f758,106.78,862,80,2000,0,0
70596b79-5a88-41a8-9b94-125a53f5430c,9,73bf48bc-d2ec-466e-8090-4781a4edd986,99.48,346,50,500,42,0.84
70596b79-5a88-41a8-9b94-125a53f5430c,9,e44a6184-0b14-4fcb-a385-e9ed68fe17c4,110.23,337,50,500,0,0
70596b79-5a88-41a8-9b94-125a53f5430c,9,c314bd6c-7b2b-4ca2-9235-878f57e9da29,105.72,348,50,500,3,0.06
70596b79-5a88-41a8-9b94-125a53f5430c,9,740ddbc7-9ed8-4c96-8673-32f80cbae031,106.74,351,50,500,0,0
70596b79-5a88-41a8-9b94-125a53f5430c,9,f34b7321-b2bb-4f72-a843-bb3c79fc24aa,105.65,178,20,200,22,1.1
70596b79-5a88-41a8-9b94-125a53f5430c,9,b65e06a6-02ee-408d-9170-967436ca47f1,97.04,114,20,200,86,4.3
70596b79-5a88-41a8-9b94-125a53f5430c,10,19383c3a-9fbc-426e-bb65-815cebb88f00,102.5,909,80,2000,0,0
70596b79-5a88-41a8-9b94-125a53f5430c,10,bf6ce8c9-85e7-4882-90a4-42cffa82f758,98.24,892,80,2000,50,0.625
70596b79-5a88-41a8-9b94-125a53f5430c,10,73bf48bc-d2ec-466e-8090-4781a4edd986,99.88,390,50,500,6,0.12
70596b79-5a88-41a8-9b94-125a53f5430c,10,e44a6184-0b14-4fcb-a385-e9ed68fe17c4,101.41,381,50,500,6,0.12
70596b79-5a88-41a8-9b94-125a53f5430c,10,c314bd6c-7b2b-4ca2-9235-878f57e9da29,97.9,211,50,500,187,3.74
70596b79-5a88-41a8-9b94-125a53f5430c,10,740ddbc7-9ed8-4c96-8673-32f80cbae031,98.2,324,50,500,77,1.54
70596b79-5a88-41a8-9b94-125a53f5430c,10,f34b7321-b2bb-4f72-a843-bb3c79fc24aa,108.82,198,20,200,0,0
70596b79-5a88-41a8-9b94-125a53f5430c,10,b65e06a6-02ee-408d-9170-967436ca47f1,131.0,134,20,200,0,0
70596b79-5a88-41a8-9b94-125a53f5430c,11,19383c3a-9fbc-426e-bb65-815cebb88f00,94.3,876,80,2000,113,1.4125
70596b79-5a88-41a8-9b94-125a53f5430c,11,bf6ce8c9-85e7-4882-90a4-42cffa82f758,96.52,953,80,2000,19,0.2375
70596b79-5a88-41a8-9b94-125a53f5430c,11,73bf48bc-d2ec-466e-8090-4781a4edd986,93.09,312,50,500,128,2.56
70596b79-5a88-41a8-9b94-125a53f5430c,11,e44a6184-0b14-4fcb-a385-e9ed68fe17c4,94.51,394,50,500,37,0.74
70596b79-5a88-41a8-9b94-125a53f5430c,11,c314bd6c-7b2b-4ca2-9235-878f57e9da29,126.68,261,50,500,0,0
70596b79-5a88-41a8-9b94-125a53f5430c,11,740ddbc7-9ed8-4c96-8673-32f80cbae031,105.47,374,50,500,0,0
70596b79-5a88-41a8-9b94-125a53f5430c,11,f34b7321-b2bb-4f72-a843-bb3c79fc24aa,100.11,192,20,200,8,0.4
70596b79-5a88-41a8-9b94-125a53f5430c,11,b65e06a6-02ee-408d-9170-967436ca47f1,120.52,154,20,200,0,0
70596b79-5a88-41a8-9b94-125a53f5430c,12,19383c3a-9fbc-426e-bb65-815cebb88f00,100.08,956,80,2000,0,0
70596b79-5a88-41a8-9b94-125a53f5430c,12,bf6ce8c9-85e7-4882-90a4-42cffa82f758,91.09,912,80,2000,121,1.5125
70596b79-5a88-41a8-9b94-125a53f5430c,12,73bf48bc-d2ec-466e-8090-4781a4edd986,109.47,362,50,500,0,0
70596b79-5a88-41a8-9b94-125a53f5430c,12,e44a6184-0b14-4fcb-a385-e9ed68fe17c4,93.94,352,50,500,92,1.84
70596b79-5a88-41a8-9b94-125a53f5430c,12,c314bd6c-7b2b-4ca2-9235-878f57e9da29,116.55,311,50,500,0,0
70596b79-5a88-41a8-9b94-125a53f5430c,12,740ddbc7-9ed8-4c96-8673-32f80cbae031,97.03,415,50,500,9,0.18
70596b79-5a88-41a8-9b94-125a53f5430c,12,f34b7321-b2bb-4f72-a843-bb3c79fc24aa,96.11,141,20,200,59,2.95
70596b79-5a88-41a8-9b94-125a53f5430c,12,b65e06a6-02ee-408d-9170-967436ca47f1,110.88,174,20,200,0,0
70596b79-5a88-41a8-9b94-125a53f5430c,13,19383c3a-9fbc-426e-bb65-815cebb88f00,92.07,940,80,2000,96,1.2
70596b79-5a88-41a8-9b94-125a53f5430c,13,bf6ce8c9-85e7-4882-90a4-42cffa82f758,97.58,960,80,2000,32,0.4
70596b79-5a88-41a8-9b94-125a53f5430c,13,73bf48bc-d2ec-466e-8090-4781a4edd986,100.71,384,50,500,28,0.56
70596b79-5a88-41a8-9b94-125a53f5430c,13,e44a6184-0b14-4fcb-a385-e9ed68fe17c4,103.71,402,50,500,0,0
70596b79-5a88-41a8-9b94-125a53f5430c,13,c314bd6c-7b2b-4ca2-9235-878f57e9da29,107.23,361,50,500,0,0
70596b79-5a88-41a8-9b94-125a53f5430c,13,740ddbc7-9ed8-4c96-8673-32f80cbae031,91.01,298,50,500,167,3.34
70596b79-5a88-41a8-9b94-125a53f5430c,13,f34b7321-b2bb-4f72-a843-bb3c79fc24aa,116.77,161,20,200,0,0
70596b79-5a88-41a8-9b94-125a53f5430c,13,b65e06a6-02ee-408d-9170-967436ca47f1,102.01,194,20,200,0,0
70596b79-5a88-41a8-9b94-125a53f5430c,14,19383c3a-9fbc-426e-bb65-815cebb88f00,95.75,1017,80,2000,3,0.0375
70596b79-5a88-41a8-9b94-125a53f5430c,14,bf6ce8c9-85e7-4882-90a4-42cffa82f758,93.68,879,80,2000,161,2.0125
70596b79-5a88-41a8-9b94-125a53f5430c,14,73bf48bc-d2ec-466e-8090-4781a4edd986,98.29,428,50,500,6,0.12
70596b79-5a88-41a8-9b94-125a53f5430c,14,e44a6184-0b14-4fcb-a385-e9ed68fe17c4,95.41,418,50,500,34,0.68
70596b79-5a88-41a8-9b94-125a53f5430c,14,c314bd6c-7b2b-4ca2-9235-878f57e9da29,98.65,411,50,500,0,0
70596b79-5a88-41a8-9b94-125a53f5430c,14,740ddbc7-9ed8-4c96-8673-32f80cbae031,114.13,348,50,500,0,0
70596b79-5a88-41a8-9b94-125a53f5430c,14,f34b7321-b2bb-4f72-a843-bb3c79fc24aa,107.43,181,20,200,0,0
70596b79-5a88-41a8-9b94-125a53f5430c,14,b65e06a6-02ee-408d-9170-967436ca47f1,93.85,127,20,200,73,3.65
70596b79-5a88-41a8-9b94-125a53f5430c,15,19383c3a-9fbc-426e-bb65-815cebb88f00,88.45,946,80,2000,151,1.8875
70596b79-5a88-41a8-9b94-125a53f5430c,15,bf6ce8c9-85e7-4882-90a4-42cffa82f758,105.04,959,80,2000,0,0
70596b79-5a88-41a8-9b94-125a53f5430c,15,73bf48bc-d2ec-466e-8090-4781a4edd986,91.61,423,50,500,55,1.1
70596b79-5a88-41a8-9b94-125a53f5430c,15,e44a6184-0b14-4fcb-a385-e9ed68fe17c4,94.27,457,50,500,11,0.22
70596b79-5a88-41a8-9b94-125a53f5430c,15,c314bd6c-7b2b-4ca2-9235-878f57e9da29,90.76,376,50,500,85,1.7
70596b79-5a88-41a8-9b94-125a53f5430c,15,740ddbc7-9ed8-4c96-8673-32f80cbae031,105.0,398,50,500,0,0
70596b79-5a88-41a8-9b94-125a53f5430c,15,f34b7321-b2bb-4f72-a843-bb3c79fc24aa,98.84,186,20,200,14,0.7
70596b79-5a88-41a8-9b94-125a53f5430c,15,b65e06a6-02ee-408d-9170-967436ca47f1,120.6,147,20,200,0,0
70596b79-5a88-41a8-9b94-125a53f5430c,16,19383c3a-9fbc-426e-bb65-815cebb88f00,98.07,1026,80,2000,0,0
70596b79-5a88-41a8-9b94-125a53f5430c,16,bf6ce8c9-85e7-4882-90a4-42cffa82f758,96.64,993,80,2000,46,0.575
70596b79-5a88-41a8-9b94-125a53f5430c,16,73bf48bc-d2ec-466e-8090-4781a4edd986,94.36,392,50,500,81,1.62
70596b79-5a88-41a8-9b94-125a53f5430c,16,e44a6184-0b14-4fcb-a385-e9ed68fe17c4,88.8,387,50,500,113,2.26
70596b79-5a88-41a8-9b94-125a53f5430c,16,c314bd6c-7b2b-4ca2-9235-878f57e9da29,98.93,426,50,500,0,0
70596b79-5a88-41a8-9b94-125a53f5430c,16,740ddbc7-9ed8-4c96-8673-32f80cbae031,96.6,406,50,500,42,0.84
70596b79-5a88-41a8-9b94-125a53f5430c,16,f34b7321-b2bb-4f72-a843-bb3c79fc24aa,97.85,200,20,200,0,0
70596b79-5a88-41a8-9b94-125a53f5430c,16,b65e06a6-02ee-408d-9170-967436ca47f1,110.95,167,20,200,0,0
70596b79-5a88-41a8-9b94-125a53f5430c,17,19383c3a-9fbc-426e-bb65-815cebb88f00,90.22,998,80,2000,108,1.35
70596b79-5a88-41a8-9b94-125a53f5430c,17,bf6ce8c9-85e7-4882-90a4-42cffa82f758,94.47,1067,80,2000,6,0.075
70596b79-5a88-41a8-9b94-125a53f5430c,17,73bf48bc-d2ec-466e-8090-4781a4edd986,102.1,442,50,500,0,0
70596b79-5a88-41a8-9b94-125a53f5430c,17,e44a6184-0b14-4fcb-a385-e9ed68fe17c4,101.76,437,50,500,0,0
70596b79-5a88-41a8-9b94-125a53f5430c,17,c314bd6c-7b2b-4ca2-9235-878f57e9da29,91.02,417,50,500,59,1.18
70596b79-5a88-41a8-9b94-125a53f5430c,17,740ddbc7-9ed8-4c96-8673-32f80cbae031,96.99,450,50,500,6,0.12
70596b79-5a88-41a8-9b94-125a53f5430c,17,f34b7321-b2bb-4f72-a843-bb3c79fc24aa,90.02,74,20,200,126,6.3
70596b79-5a88-41a8-9b94-125a53f5430c,17,b65e06a6-02ee-408d-9170-967436ca47f1,102.07,187,20,200,0,0
70596b79-5a88-41a8-9b94-125a53f5430c,18,19383c3a-9fbc-426e-bb65-815cebb88f00,95.18,1078,80,2000,0,0
70596b79-5a88-41a8-9b94-125a53f5430c,18,bf6ce8c9-85e7-4882-90a4-42cffa82f758,87.62,989,80,2000,158,1.975
70596b79-5a88-41a8-9b94-125a53f5430c,18,73bf48bc-d2ec-466e-8090-4781a4edd986,93.93,487,50,500,5,0.1
70596b79-5a88-41a8-9b94-125a53f5430c,18,e44a6184-0b14-4fcb-a385-e9ed68fe17c4,93.62,445,50,500,42,0.84
70596b79-5a88-41a8-9b94-125a53f5430c,18,c314bd6c-7b2b-4ca2-9235-878f57e9da29,94.48,467,50,500,0,0
70596b79-5a88-41a8-9b94-125a53f5430c,18,740ddbc7-9ed8-4c96-8673-32f80cbae031,90.39,408,50,500,92,1.84
70596b79-5a88-41a8-9b94-125a53f5430c,18,f34b7321-b2bb-4f72-a843-bb3c79fc24aa,139.53,94,20,200,0,0
70596b79-5a88-41a8-9b94-125a53f5430c,18,b65e06a6-02ee-408d-9170-967436ca47f1,93.9,191,20,200,9,0.45
70596b79-5a88-41a8-9b94-125a53f5430c,19,19383c3a-9fbc-426e-bb65-815cebb88f00,87.57,1105,80,2000,53,0.6625
70596b79-5a88-41a8-9b94-125a53f5430c,19,bf6ce8c9-85e7-4882-90a4-42cffa82f758,97.92,1069,80,2000,0,0
70596b79-5a88-41a8-9b94-125a53f5430c,19,73bf48bc-d2ec-466e-8090-4781a4edd986,87.35,412,50,500,88,1.76
70596b79-5a88-41a8-9b94-125a53f5430c,19,e44a6184-0b14-4fcb-a385-e9ed68fe17c4,93.99,495,50,500,0,0
70596b79-5a88-41a8-9b94-125a53f5430c,19,c314bd6c-7b2b-4ca2-9235-878f57e9da29,86.92,368,50,500,132,2.64
70596b79-5a88-41a8-9b94-125a53f5430c,19,740ddbc7-9ed8-4c96-8673-32f80cbae031,99.79,458,50,500,0,0
70596b79-5a88-41a8-9b94-125a53f5430c,19,f34b7321-b2bb-4f72-a843-bb3c79fc24aa,128.37,114,20,200,0,0
70596b79-5a88-41a8-9b94-125a53f5430c,19,b65e06a6-02ee-408d-9170-967436ca47f1,90.61,183,20,200,17,0.85
70596b79-5a88-41a8-9b94-125a53f5430c,20,19383c3a-9fbc-426e-bb65-815cebb88f00,86.37,988,80,2000,197,2.4625
70596b79-5a88-41a8-9b94-125a53f5430c,20,bf6ce8c9-85e7-4882-90a4-42cffa82f758,90.09,1115,80,2000,34,0.425
70596b79-5a88-41a8-9b94-125a53f5430c,20,73bf48bc-d2ec-466e-8090-4781a4edd986,95.74,462,50,500,0,0
70596b79-5a88-41a8-9b94-125a53f5430c,20,e44a6184-0b14-4fcb-a385-e9ed68fe17c4,86.47,453,50,500,47,0.94
70596b79-5a88-41a8-9b94-125a53f5430c,20,c314bd6c-7b2b-4ca2-9235-878f57e9da29,102.91,418,50,500,0,0
70596b79-5a88-41a8-9b94-125a53f5430c,20,740ddbc7-9ed8-4c96-8673-32f80cbae031,91.81,500,50,500,0,0
70596b79-5a88-41a8-9b94-125a53f5430c,20,f34b7321-b2bb-4f72-a843-bb3c79fc24aa,118.1,134,20,200,0,0
70596b79-5a88-41a8-9b94-125a53f5430c,20,b65e06a6-02ee-408d-9170-967436ca47f1,91.06,164,20,200,36,1.8
70596b79-5a88-41a8-9b94-125a53f5430c,21,19383c3a-9fbc-426e-bb65-815cebb88f00,100.73,1068,80,2000,0,0
70596b79-5a88-41a8-9b94-125a53f5430c,21,bf6ce8c9-85e7-4882-90a4-42cffa82f758,86.71,1118,80,2000,77,0.9625
70596b79-5a88-41a8-9b94-125a53f5430c,21,73bf48bc-d2ec-466e-8090-4781a4edd986,88.08,480,50,500,20,0.4
70596b79-5a88-41a8-9b94-125a53f5430c,21,e44a6184-0b14-4fcb-a385-e9ed68fe17c4,87.68,460,50,500,40,0.8
70596b79-5a88-41a8-9b94-125a53f5430c,21,c314bd6c-7b2b-4ca2-9235-878f57e9da29,94.68,468,50,500,0,0
70596b79-5a88-41a8-9b94-125a53f5430c,21,740ddbc7-9ed8-4c96-8673-32f80cbae031,84.47,341,50,500,159,3.18
70596b79-5a88-41a8-9b94-125a53f5430c,21,f34b7321-b2bb-4f72-a843-bb3c79fc24aa,108.65,154,20,200,0,0
70596b79-5a88-41a8-9b94-125a53f5430c,21,b65e06a6-02ee-408d-9170-967436ca47f1,100.17,184,20,200,0,0
70596b79-5a88-41a8-9b94-125a53f5430c,22,19383c3a-9fbc-426e-bb65-815cebb88f00,92.67,1148,80,2000,0,0
70596b79-5a88-41a8-9b94-125a53f5430c,22,bf6ce8c9-85e7-4882-90a4-42cffa82f758,88.12,1174,80,2000,24,0.3
70596b79-5a88-41a8-9b94-125a53f5430c,22,73bf48bc-d2ec-466e-8090-4781a4edd986,84.56,367,50,500,133,2.66
70596b79-5a88-41a8-9b94-125a53f5430c,22,e44a6184-0b14-4fcb-a385-e9ed68fe17c4,87.68,450,50,500,50,1.0
70596b79-5a88-41a8-9b94-125a53f5430c,22,c314bd6c-7b2b-4ca2-9235-878f57e9da29,87.11,426,50,500,74,1.48
70596b79-5a88-41a8-9b94-125a53f5430c,22,740ddbc7-9ed8-4c96-8673-32f80cbae031,104.57,391,50,500,0,0
70596b79-5a88-41a8-9b94-125a53f5430c,22,f34b7321-b2bb-4f72-a843-bb3c79fc24aa,99.96,174,20,200,0,0
70596b79-5a88-41a8-9b94-125a53f5430c,22,b65e06a6-02ee-408d-9170-967436ca47f1,92.16,197,20,200,3,0.15
70596b79-5a88-41a8-9b94-125a53f5430c,23,19383c3a-9fbc-426e-bb65-815cebb88f00,85.26,1152,80,2000,76,0.95
70596b79-5a88-41a8-9b94-125a53f5430c,23,bf6ce8c9-85e7-4882-90a4-42cffa82f758,83.71,1086,80,2000,168,2.1
70596b79-5a88-41a8-9b94-125a53f5430c,23,73bf48bc-d2ec-466e-8090-4781a4edd986,100.29,417,50,500,0,0
70596b79-5a88-41a8-9b94-125a53f5430c,23,e44a6184-0b14-4fcb-a385-e9ed68fe17c4,89.43,478,50,500,22,0.44
70596b79-5a88-41a8-9b94-125a53f5430c,23,c314bd6c-7b2b-4ca2-9235-878f57e9da29,93.03,476,50,500,0,0
70596b79-5a88-41a8-9b94-125a53f5430c,23,740ddbc7-9ed8-4c96-8673-32f80cbae031,96.2,441,50,500,0,0
70596b79-5a88-41a8-9b94-125a53f5430c,23,f34b7321-b2bb-4f72-a843-bb3c79fc24aa,91.96,194,20,200,0,0
70596b79-5a88-41a8-9b94-125a53f5430c,23,b65e06a6-02ee-408d-9170-967436ca47f1,86.17,168,20,200,32,1.6
70596b79-5a88-41a8-9b94-125a53f5430c,24,19383c3a-9fbc-426e-bb65-815cebb88f00,86.54,1209,80,2000,23,0.2875
70596b79-5a88-41a8-9b94-125a53f5430c,24,bf6ce8c9-85e7-4882-90a4-42cffa82f758,94.59,1166,80,2000,0,0
70596b79-5a88-41a8-9b94-125a53f5430c,24,73bf48bc-d2ec-466e-8090-4781a4edd986,92.27,467,50,500,0,0
70596b79-5a88-41a8-9b94-125a53f5430c,24,e44a6184-0b14-4fcb-a385-e9ed68fe17c4,86.21,463,50,500,37,0.74
70596b79-5a88-41a8-9b94-125a53f5430c,24,c314bd6c-7b2b-4ca2-9235-878f57e9da29,85.59,383,50,500,117,2.34
70596b79-5a88-41a8-9b94-125a53f5430c,24,740ddbc7-9ed8-4c96-8673-32f80cbae031,88.5,487,50,500,4,0.08
70596b79-5a88-41a8-9b94-125a53f5430c,24,f34b7321-b2bb-4f72-a843-bb3c79fc24aa,84.6,75,20,200,125,6.25
70596b79-5a88-41a8-9b94-125a53f5430c,24,b65e06a6-02ee-408d-9170-967436ca47f1,93.06,188,20,200,0,0
70596b79-5a88-41a8-9b94-125a53f5430c,25,19383c3a-9fbc-426e-bb65-815cebb88f00,82.1,1177,80,2000,112,1.4
70596b79-5a88-41a8-9b94-125a53f5430c,25,bf6ce8c9-85e7-4882-90a4-42cffa82f758,87.02,1246,80,2000,0,0
70596b79-5a88-41a8-9b94-125a53f5430c,25,73bf48bc-d2ec-466e-8090-4781a4edd986,84.89,433,50,500,67,1.34
70596b79-5a88-41a8-9b94-125a53f5430c,25,e44a6184-0b14-4fcb-a385-e9ed68fe17c4,85.69,497,50,500,3,0.06
70596b79-5a88-41a8-9b94-125a53f5430c,25,c314bd6c-7b2b-4ca2-9235-878f57e9da29,98.77,433,50,500,0,0
70596b79-5a88-41a8-9b94-125a53f5430c,25,740ddbc7-9ed8-4c96-8673-32f80cbae031,82.13,401,50,500,99,1.98
70596b79-5a88-41a8-9b94-125a53f5430c,25,f34b7321-b2bb-4f72-a843-bb3c79fc24aa,130.71,95,20,200,0,0
70596b79-5a88-41a8-9b94-125a53f5430c,25,b65e06a6-02ee-408d-9170-967436ca47f1,85.62,185,20,200,15,0.75
70596b79-5a88-41a8-9b94-125a53f5430c,26,19383c3a-9fbc-426e-bb65-815cebb88f00,87.03,1239,80,2000,18,0.225
70596b79-5a88-41a8-9b94-125a53f5430c,26,bf6ce8c9-85e7-4882-90a4-42cffa82f758,80.06,1239,80,2000,87,1.0875
70596b79-5a88-41a8-9b94-125a53f5430c,26,73bf48bc-d2ec-466e-8090-4781a4edd986,89.47,482,50,500,1,0.02
70596b79-5a88-41a8-9b94-125a53f5430c,26,e44a6184-0b14-4fcb-a385-e9ed68fe17c4,79.35,320,50,500,180,3.6
70596b79-5a88-41a8-9b94-125a53f5430c,26,c314bd6c-7b2b-4ca2-9235-878f57e9da29,90.87,483,50,500,0,0
70596b79-5a88-41a8-9b94-125a53f5430c,26,740ddbc7-9ed8-4c96-8673-32f80cbae031,91.82,451,50,500,0,0
70596b79-5a88-41a8-9b94-125a53f5430c,26,f34b7321-b2bb-4f72-a843-bb3c79fc24aa,120.25,115,20,200,0,0
70596b79-5a88-41a8-9b94-125a53f5430c,26,b65e06a6-02ee-408d-9170-967436ca47f1,85.19,163,20,200,37,1.85
70596b79-5a88-41a8-9b94-125a53f5430c,27,19383c3a-9fbc-426e-bb65-815cebb88f00,82.03,1164,80,2000,155,1.9375
70596b79-5a88-41a8-9b94-125a53f5430c,27,bf6ce8c9-85e7-4882-90a4-42cffa82f758,82.36,1241,80,2000,78,0.975
70596b79-5a88-41a8-9b94-125a53f5430c,27,73bf48bc-d2ec-466e-8090-4781a4edd986,82.49,455,50,500,45,0.9
70596b79-5a88-41a8-9b94-125a53f5430c,27,e44a6184-0b14-4fcb-a385-e9ed68fe17c4,101.57,370,50,500,0,0
70596b79-5a88-41a8-9b94-125a53f5430c,27,c314bd6c-7b2b-4ca2-9235-878f57e9da29,83.6,490,50,500,10,0.2
70596b79-5a88-41a8-9b94-125a53f5430c,27,740ddbc7-9ed8-4c96-8673-32f80cbae031,84.47,492,50,500,8,0.16
70596b79-5a88-41a8-9b94-125a53f5430c,27,f34b7321-b2bb-4f72-a843-bb3c79fc24aa,110.63,135,20,200,0,0
70596b79-5a88-41a8-9b94-125a53f5430c,27,b65e06a6-02ee-408d-9170-967436ca47f1,94.13,183,20,200,0,0
70596b79-5a88-41a8-9b94-125a53f5430c,28,19383c3a-9fbc-426e-bb65-815cebb88f00,91.36,1244,80,2000,0,0
70596b79-5a88-41a8-9b94-125a53f5430c,28,bf6ce8c9-85e7-4882-90a4-42cffa82f758,83.8,1296,80,2000,25,0.3125
70596b79-5a88-41a8-9b94-125a53f5430c,28,73bf48bc-d2ec-466e-8090-4781a4edd986,83.31,465,50,500,35,0.7
70596b79-5a88-41a8-9b94-125a53f5430c,28,e44a6184-0b14-4fcb-a385-e9ed68fe17c4,93.44,420,50,500,0,0
70596b79-5a88-41a8-9b94-125a53f5430c,28,c314bd6c-7b2b-4ca2-9235-878f57e9da29,78.58,324,50,500,176,3.52
70596b79-5a88-41a8-9b94-125a53f5430c,28,740ddbc7-9ed8-4c96-8673-32f80cbae031,79.06,406,50,500,94,1.88
70596b79-5a88-41a8-9b94-125a53f5430c,28,f34b7321-b2bb-4f72-a843-bb3c79fc24aa,101.78,155,20,200,0,0
70596b79-5a88-41a8-9b94-125a53f5430c,28,b65e06a6-02ee-408d-9170-967436ca47f1,86.6,198,20,200,2,0.1
70596b79-5a88-41a8-9b94-125a53f5430c,29,19383c3a-9fbc-426e-bb65-815cebb88f00,84.05,1313,80,2000,11,0.1375
70596b79-5a88-41a8-9b94-125a53f5430c,29,bf6ce8c9-85e7-4882-90a4-42cffa82f758,79.71,1189,80,2000,187,2.3375
70596b79-5a88-41a8-9b94-125a53f5430c,29,73bf48bc-d2ec-466e-8090-4781a4edd986,82.48,463,50,500,37,0.74
70596b79-5a88-41a8-9b94-125a53f5430c,29,e44a6184-0b14-4fcb-a385-e9ed68fe17c4,85.96,470,50,500,0,0
70596b79-5a88-41a8-9b94-125a53f5430c,29,c314bd6c-7b2b-4ca2-9235-878f57e9da29,99.95,374,50,500,0,0
70596b79-5a88-41a8-9b94-125a53f5430c,29,740ddbc7-9ed8-4c96-8673-32f80cbae031,87.6,456,50,500,0,0
70596b79-5a88-41a8-9b94-125a53f5430c,29,f34b7321-b2bb-4f72-a843-bb3c79fc24aa,93.64,175,20,200,0,0
70596b79-5a88-41a8-9b94-125a53f5430c,29,b65e06a6-02ee-408d-9170-967436ca47f1,80.54,115,20,200,85,4.25
70596b79-5a88-41a8-9b94-125a53f5430c,30,19383c3a-9fbc-426e-bb65-815cebb88f00,78.48,1250,80,2000,143,1.7875
70596b79-5a88-41a8-9b94-125a53f5430c,30,bf6ce8c9-85e7-4882-90a4-42cffa82f758,91.97,1269,80,2000,0,0
70596b79-5a88-41a8-9b94-125a53f5430c,30,73bf48bc-d2ec-466e-8090-4781a4edd986,81.99,474,50,500,26,0.52
70596b79-5a88-41a8-9b94-125a53f5430c,30,e44a6184-0b14-4fcb-a385-e9ed68fe17c4,79.08,435,50,500,65,1.3
70596b79-5a88-41a8-9b94-125a53f5430c,30,c314bd6c-7b2b-4ca2-9235-878f57e9da29,91.95,424,50,500,0,0
70596b79-5a88-41a8-9b94-125a53f5430c,30,740ddbc7-9ed8-4c96-8673-32f80cbae031,80.59,454,50,500,46,0.92
70596b79-5a88-41a8-9b94-125a53f5430c,30,f34b7321-b2bb-4f72-a843-bb3c79fc24aa,86.15,195,20,200,0,0
70596b79-5a88-41a8-9b94-125a53f5430c,30,b65e06a6-02ee-408d-9170-967436ca47f1,108.33,135,20,200,0,0
70596b79-5a88-41a8-9b94-125a53f5430c,31,19383c3a-9fbc-426e-bb65-815cebb88f00,86.23,1330,80,2000,0,0
70596b79-5a88-41a8-9b94-125a53f5430c,31,bf6ce8c9-85e7-4882-90a4-42cffa82f758,84.61,1349,80,2000,0,0
70596b79-5a88-41a8-9b94-125a53f5430c,31,73bf48bc-d2ec-466e-8090-4781a4edd986,79.69,448,50,500,52,1.04
70596b79-5a88-41a8-9b94-125a53f5430c,31,e44a6184-0b14-4fcb-a385-e9ed68fe17c4,83.03,457,50,500,28,0.56
70596b79-5a88-41a8-9b94-125a53f5430c,31,c314bd6c-7b2b-4ca2-9235-878f57e9da29,84.59,468,50,500,6,0.12
70596b79-5a88-41a8-9b94-125a53f5430c,31,740ddbc7-9ed8-4c96-8673-32f80cbae031,81.56,461,50,500,39,0.78
70596b79-5a88-41a8-9b94-125a53f5430c,31,f34b7321-b2bb-4f72-a843-bb3c79fc24aa,79.26,30,20,200,170,8.5
70596b79-5a88-41a8-9b94-125a53f5430c,31,b65e06a6-02ee-408d-9170-967436ca47f1,99.66,155,20,200,0,0
70596b79-5a88-41a8-9b94-125a53f5430c,32,19383c3a-9fbc-426e-bb65-815cebb88f00,79.33,1355,80,2000,55,0.6875
70596b79-5a88-41a8-9b94-125a53f5430c,32,bf6ce8c9-85e7-4882-90a4-42cffa82f758,77.84,1315,80,2000,114,1.425
70596b79-5a88-41a8-9b94-125a53f5430c,32,73bf48bc-d2ec-466e-8090-4781a4edd986,81.6,498,50,500,0,0
70596b79-5a88-41a8-9b94-125a53f5430c,32,e44a6184-0b14-4fcb-a385-e9ed68fe17c4,81.04,491,50,500,9,0.18
70596b79-5a88-41a8-9b94-125a53f5430c,32,c314bd6c-7b2b-4ca2-9235-878f57e9da29,78.84,391,50,500,109,2.18
70596b79-5a88-41a8-9b94-125a53f5430c,32,740ddbc7-9ed8-4c96-8673-32f80cbae031,81.4,498,50,500,2,0.04
70596b79-5a88-41a8-9b94-125a53f5430c,32,f34b7321-b2bb-4f72-a843-bb3c79fc24aa,140.29,50,20,200,0,0
70596b79-5a88-41a8-9b94-125a53f5430c,32,b65e06a6-02ee-408d-9170-967436ca47f1,91.69,175,20,200,0,0
70596b79-5a88-41a8-9b94-125a53f5430c,33,19383c3a-9fbc-426e-bb65-815cebb88f00,78.44,1419,80,2000,16,0.2
70596b79-5a88-41a8-9b94-125a53f5430c,33,bf6ce8c9-85e7-4882-90a4-42cffa82f758,82.7,1393,80,2000,2,0.025
70596b79-5a88-41a8-9b94-125a53f5430c,33,73bf48bc-d2ec-466e-8090-4781a4edd986,75.07,355,50,500,145,2.9
70596b79-5a88-41a8-9b94-125a53f5430c,33,e44a6184-0b14-4fcb-a385-e9ed68fe17c4,76.02,447,50,500,53,1.06
70596b79-5a88-41a8-9b94-125a53f5430c,33,c314bd6c-7b2b-4ca2-9235-878f57e9da29,89.72,441,50,500,0,0
70596b79-5a88-41a8-9b94-125a53f5430c,33,740ddbc7-9ed8-4c96-8673-32f80cbae031,75.21,410,50,500,90,1.8
70596b79-5a88-41a8-9b94-125a53f5430c,33,f34b7321-b2bb-4f72-a843-bb3c79fc24aa,129.07,70,20,200,0,0
70596b79-5a88-41a8-9b94-125a53f5430c,33,b65e06a6-02ee-408d-9170-967436ca47f1,84.35,195,20,200,0,0
70596b79-5a88-41a8-9b94-125a53f5430c,34,19383c3a-9fbc-426e-bb65-815cebb88f00,73.73,1323,80,2000,176,2.2
70596b79-5a88-41a8-9b94-125a53f5430c,34,bf6ce8c9-85e7-4882-90a4-42cffa82f758,76.29,1373,80,2000,100,1.25
70596b79-5a88-41a8-9b94-125a53f5430c,34,73bf48bc-d2ec-466e-8090-4781a4edd986,90.83,405,50,500,0,0
70596b79-5a88-41a8-9b94-125a53f5430c,34,e44a6184-0b14-4fcb-a385-e9ed68fe17c4,78.0,474,50,500,23,0.46
70596b79-5a88-41a8-9b94-125a53f5430c,34,c314bd6c-7b2b-4ca2-9235-878f57e9da29,82.54,479,50,500,12,0.24
70596b79-5a88-41a8-9b94-125a53f5430c,34,740ddbc7-9ed8-4c96-8673-32f80cbae031,82.73,460,50,500,0,0
70596b79-5a88-41a8-9b94-125a53f5430c,34,f34b7321-b2bb-4f72-a843-bb3c79fc24aa,118.74,90,20,200,0,0
70596b79-5a88-41a8-9b94-125a53f5430c,34,b65e06a6-02ee-408d-9170-967436ca47f1,77.6,158,20,200,42,2.1
70596b79-5a88-41a8-9b94-125a53f5430c,35,19383c3a-9fbc-426e-bb65-815cebb88f00,84.05,1403,80,2000,0,0
70596b79-5a88-41a8-9b94-125a53f5430c,35,bf6ce8c9-85e7-4882-90a4-42cffa82f758,79.72,1435,80,2000,18,0.225
70596b79-5a88-41a8-9b94-125a53f5430c,35,73bf48bc-d2ec-466e-8090-4781a4edd986,83.56,448,50,500,7,0.14
70596b79-5a88-41a8-9b94-125a53f5430c,35,e44a6184-0b14-4fcb-a385-e9ed68fe17c4,75.35,336,50,500,164,3.28
70596b79-5a88-41a8-9b94-125a53f5430c,35,c314bd6c-7b2b-4ca2-9235-878f57e9da29,77.92,441,50,500,59,1.18
70596b79-5a88-41a8-9b94-125a53f5430c,35,740ddbc7-9ed8-4c96-8673-32f80cbae031,76.11,428,50,500,72,1.44
70596b79-5a88-41a8-9b94-125a53f5430c,35,f34b7321-b2bb-4f72-a843-bb3c79fc24aa,109.24,110,20,200,0,0
70596b79-5a88-41a8-9b94-125a53f5430c,35,b65e06a6-02ee-408d-9170-967436ca47f1,87.69,178,20,200,0,0
70596b79-5a88-41a8-9b94-125a53f5430c,36,19383c3a-9fbc-426e-bb65-815cebb88f00,77.33,1416,80,2000,67,0.8375
70596b79-5a88-41a8-9b94-125a53f5430c,36,bf6ce8c9-85e7-4882-90a4-42cffa82f758,75.14,1352,80,2000,163,2.0375
70596b79-5a88-41a8-9b94-125a53f5430c,36,73bf48bc-d2ec-466e-8090-4781a4edd986,78.05,466,50,500,32,0.64
70596b79-5a88-41a8-9b94-125a53f5430c,36,e44a6184-0b14-4fcb-a385-e9ed68fe17c4,94.04,386,50,500,0,0
70596b79-5a88-41a8-9b94-125a53f5430c,36,c314bd6c-7b2b-4ca2-9235-878f57e9da29,80.88,480,50,500,11,0.22
70596b79-5a88-41a8-9b94-125a53f5430c,36,740ddbc7-9ed8-4c96-8673-32f80cbae031,80.98,478,50,500,0,0
70596b79-5a88-41a8-9b94-125a53f5430c,36,f34b7321-b2bb-4f72-a843-bb3c79fc24aa,100.5,130,20,200,0,0
70596b79-5a88-41a8-9b94-125a53f5430c,36,b65e06a6-02ee-408d-9170-967436ca47f1,80.67,167,20,200,31,1.55
70596b79-5a88-41a8-9b94-125a53f5430c,37,19383c3a-9fbc-426e-bb65-815cebb88f00,77.62,1478,80,2000,18,0.225
70596b79-5a88-41a8-9b94-125a53f5430c,37,bf6ce8c9-85e7-4882-90a4-42cffa82f758,84.44,1429,80,2000,3,0.0375
70596b79-5a88-41a8-9b94-125a53f5430c,37,73bf48bc-d2ec-466e-8090-4781a4edd986,76.8,458,50,500,42,0.84
70596b79-5a88-41a8-9b94-125a53f5430c,37,e44a6184-0b14-4fcb-a385-e9ed68fe17c4,86.52,436,50,500,0,0
70596b79-5a88-41a8-9b94-125a53f5430c,37,c314bd6c-7b2b-4ca2-9235-878f57e9da29,76.19,397,50,500,103,2.06
70596b79-5a88-41a8-9b94-125a53f5430c,37,740ddbc7-9ed8-4c96-8673-32f80cbae031,74.5,379,50,500,121,2.42
70596b79-5a88-41a8-9b94-125a53f5430c,37,f34b7321-b2bb-4f72-a843-bb3c79fc24aa,92.46,150,20,200,0,0
70596b79-5a88-41a8-9b94-125a53f5430c,37,b65e06a6-02ee-408d-9170-967436ca47f1,86.72,187,20,200,0,0
70596b79-5a88-41a8-9b94-125a53f5430c,38,19383c3a-9fbc-426e-bb65-815cebb88f00,73.16,1418,80,2000,140,1.75
70596b79-5a88-41a8-9b94-125a53f5430c,38,bf6ce8c9-85e7-4882-90a4-42cffa82f758,78.0,1480,80,2000,29,0.3625
70596b79-5a88-41a8-9b94-125a53f5430c,38,73bf48bc-d2ec-466e-8090-4781a4edd986,77.11,409,50,500,91,1.82
70596b79-5a88-41a8-9b94-125a53f5430c,38,e44a6184-0b14-4fcb-a385-e9ed68fe17c4,79.6,466,50,500,20,0.4
70596b79-5a88-41a8-9b94-125a53f5430c,38,c314bd6c-7b2b-4ca2-9235-878f57e9da29,85.79,447,50,500,0,0
70596b79-5a88-41a8-9b94-125a53f5430c,38,740ddbc7-9ed8-4c96-8673-32f80cbae031,86.57,429,50,500,0,0
70596b79-5a88-41a8-9b94-125a53f5430c,38,f34b7321-b2bb-4f72-a843-bb3c79fc24aa,85.06,170,20,200,0,0
70596b79-5a88-41a8-9b94-125a53f5430c,38,b65e06a6-02ee-408d-9170-967436ca47f1,79.78,186,20,200,14,0.7
70596b79-5a88-41a8-9b94-125a53f5430c,39,19383c3a-9fbc-426e-bb65-815cebb88f00,80.11,1498,80,2000,0,0
70596b79-5a88-41a8-9b94-125a53f5430c,39,bf6ce8c9-85e7-4882-90a4-42cffa82f758,74.59,1388,80,2000,172,2.15
70596b79-5a88-41a8-9b94-125a53f5430c,39,73bf48bc-d2ec-466e-8090-4781a4edd986,84.98,459,50,500,0,0
70596b79-5a88-41a8-9b94-125a53f5430c,39,e44a6184-0b14-4fcb-a385-e9ed68fe17c4,76.42,437,50,500,63,1.26
70596b79-5a88-41a8-9b94-125a53f5430c,39,c314bd6c-7b2b-4ca2-9235-878f57e9da29,78.93,484,50,500,13,0.26
70596b79-5a88-41a8-9b94-125a53f5430c,39,740ddbc7-9ed8-4c96-8673-32f80cbae031,79.64,479,50,500,0,0
70596b79-5a88-41a8-9b94-125a53f5430c,39,f34b7321-b2bb-4f72-a843-bb3c79fc24aa,78.26,155,20,200,35,1.75
70596b79-5a88-41a8-9b94-125a53f5430c,39,b65e06a6-02ee-408d-9170-967436ca47f1,78.98,189,20,200,11,0.55
70596b79-5a88-41a8-9b94-125a53f5430c,40,19383c3a-9fbc-426e-bb65-815cebb88f00,73.7,1496,80,2000,82,1.025
70596b79-5a88-41a8-9b94-125a53f5430c,40,bf6ce8c9-85e7-4882-90a4-42cffa82f758,84.66,1468,80,2000,0,0
70596b79-5a88-41a8-9b94-125a53f5430c,40,73bf48bc-d2ec-466e-8090-4781a4edd986,78.18,490,50,500,10,0.2
70596b79-5a88-41a8-9b94-125a53f5430c,40,e44a6184-0b14-4fcb-a385-e9ed68fe17c4,79.94,487,50,500,0,0
70596b79-5a88-41a8-9b94-125a53f5430c,40,c314bd6c-7b2b-4ca2-9235-878f57e9da29,74.67,459,50,500,41,0.82
70596b79-5a88-41a8-9b94-125a53f5430c,40,740ddbc7-9ed8-4c96-8673-32f80cbae031,73.27,351,50,500,149,2.98
70596b79-5a88-41a8-9b94-125a53f5430c,40,f34b7321-b2bb-4f72-a843-bb3c79fc24aa,85.69,175,20,200,0,0
70596b79-5a88-41a8-9b94-125a53f5430c,40,b65e06a6-02ee-408d-9170-967436ca47f1,77.01,186,20,200,14,0.7
70596b79-5a88-41a8-9b94-125a53f5430c,41,19383c3a-9fbc-426e-bb65-815cebb88f00,75.36,1558,80,2000,18,0.225
70596b79-5a88-41a8-9b94-125a53f5430c,41,bf6ce8c9-85e7-4882-90a4-42cffa82f758,77.89,1548,80,2000,0,0
70596b79-5a88-41a8-9b94-125a53f5430c,41,73bf48bc-d2ec-466e-8090-4781a4edd986,73.49,328,50,500,172,3.44
70596b79-5a88-41a8-9b94-125a53f5430c,41,e44a6184-0b14-4fcb-a385-e9ed68fe17c4,73.54,452,50,500,48,0.96
70596b79-5a88-41a8-9b94-125a53f5430c,41,c314bd6c-7b2b-4ca2-9235-878f57e9da29,74.82,446,50,500,54,1.08
70596b79-5a88-41a8-9b94-125a53f5430c,41,740ddbc7-9ed8-4c96-8673-32f80cbae031,89.24,401,50,500,0,0
70596b79-5a88-41a8-9b94-125a53f5430c,41,f34b7321-b2bb-4f72-a843-bb3c79fc24aa,78.83,195,20,200,0,0
70596b79-5a88-41a8-9b94-125a53f5430c,41,b65e06a6-02ee-408d-9170-967436ca47f1,76.24,186,20,200,14,0.7
70596b79-5a88-41a8-9b94-125a53f5430c,42,19383c3a-9fbc-426e-bb65-815cebb88f00,71.03,1486,80,2000,152,1.9
70596b79-5a88-41a8-9b94-125a53f5430c,42,bf6ce8c9-85e7-4882-90a4-42cffa82f758,71.66,1534,80,2000,94,1.175
70596b79-5a88-41a8-9b94-125a53f5430c,42,73bf48bc-d2ec-466e-8090-4781a4edd986,92.89,378,50,500,0,0
70596b79-5a88-41a8-9b94-125a53f5430c,42,e44a6184-0b14-4fcb-a385-e9ed68fe17c4,74.72,489,50,500,11,0.22
70596b79-5a88-41a8-9b94-125a53f5430c,42,c314bd6c-7b2b-4ca2-9235-878f57e9da29,76.91,496,50,500,0,0
70596b79-5a88-41a8-9b94-125a53f5430c,42,740ddbc7-9ed8-4c96-8673-32f80cbae031,82.1,451,50,500,0,0
70596b79-5a88-41a8-9b94-125a53f5430c,42,f34b7321-b2bb-4f72-a843-bb3c79fc24aa,72.52,149,20,200,51,2.55
70596b79-5a88-41a8-9b94-125a53f5430c,42,b65e06a6-02ee-408d-9170-967436ca47f1,75.48,193,20,200,7,0.35
70596b79-5a88-41a8-9b94-125a53f5430c,43,19383c3a-9fbc-426e-bb65-815cebb88f00,78.84,1566,80,2000,0,0
70596b79-5a88-41a8-9b94-125a53f5430c,43,bf6ce8c9-85e7-4882-90a4-42cffa82f758,74.35,1597,80,2000,17,0.2125
70596b79-5a88-41a8-9b94-125a53f5430c,43,73bf48bc-d2ec-466e-8090-4781a4edd986,85.46,428,50,500,0,0
70596b79-5a88-41a8-9b94-125a53f5430c,43,e44a6184-0b14-4fcb-a385-e9ed68fe17c4,70.39,385,50,500,115,2.3
70596b79-5a88-41a8-9b94-125a53f5430c,43,c314bd6c-7b2b-4ca2-9235-878f57e9da29,70.76,403,50,500,97,1.94
70596b79-5a88-41a8-9b94-125a53f5430c,43,740ddbc7-9ed8-4c96-8673-32f80cbae031,75.53,498,50,500,2,0.04
70596b79-5a88-41a8-9b94-125a53f5430c,43,f34b7321-b2bb-4f72-a843-bb3c79fc24aa,85.21,169,20,200,0,0
70596b79-5a88-41a8-9b94-125a53f5430c,43,b65e06a6-02ee-408d-9170-967436ca47f1,72.08,164,20,200,36,1.8
70596b79-5a88-41a8-9b94-125a53f5430c,44,19383c3a-9fbc-426e-bb65-815cebb88f00,72.53,1575,80,2000,71,0.8875
70596b79-5a88-41a8-9b94-125a53f5430c,44,bf6ce8c9-85e7-4882-90a4-42cffa82f758,69.98,1578,80,2000,99,1.2375
70596b79-5a88-41a8-9b94-125a53f5430c,44,73bf48bc-d2ec-466e-8090-4781a4edd986,78.62,477,50,500,1,0.02
70596b79-5a88-41a8-9b94-125a53f5430c,44,e44a6184-0b14-4fcb-a385-e9ed68fe17c4,80.95,435,50,500,0,0
70596b79-5a88-41a8-9b94-125a53f5430c,44,c314bd6c-7b2b-4ca2-9235-878f57e9da29,78.83,453,50,500,0,0
70596b79-5a88-41a8-9b94-125a53f5430c,44,740ddbc7-9ed8-4c96-8673-32f80cbae031,69.79,384,50,500,116,2.32
70596b79-5a88-41a8-9b94-125a53f5430c,44,f34b7321-b2bb-4f72-a843-bb3c79fc24aa,78.39,186,20,200,3,0.15
70596b79-5a88-41a8-9b94-125a53f5430c,44,b65e06a6-02ee-408d-9170-967436ca47f1,79.29,184,20,200,0,0
70596b79-5a88-41a8-9b94-125a53f5430c,45,19383c3a-9fbc-426e-bb65-815cebb88f00,73.16,1655,80,2000,0,0
70596b79-5a88-41a8-9b94-125a53f5430c,45,bf6ce8c9-85e7-4882-90a4-42cffa82f758,73.04,1650,80,2000,8,0.1
70596b79-5a88-41a8-9b94-125a53f5430c,45,73bf48bc-d2ec-466e-8090-4781a4edd986,72.49,332,50,500,168,3.36
70596b79-5a88-41a8-9b94-125a53f5430c,45,e44a6184-0b14-4fcb-a385-e9ed68fe17c4,74.47,485,50,500,0,0
70596b79-5a88-41a8-9b94-125a53f5430c,45,c314bd6c-7b2b-4ca2-9235-878f57e9da29,72.52,426,50,500,74,1.48
70596b79-5a88-41a8-9b94-125a53f5430c,45,740ddbc7-9ed8-4c96-8673-32f80cbae031,80.4,434,50,500,0,0
70596b79-5a88-41a8-9b94-125a53f5430c,45,f34b7321-b2bb-4f72-a843-bb3c79fc24aa,73.29,200,20,200,0,0
70596b79-5a88-41a8-9b94-125a53f5430c,45,b65e06a6-02ee-408d-9170-967436ca47f1,72.95,159,20,200,41,2.05
70596b79-5a88-41a8-9b94-125a53f5430c,46,19383c3a-9fbc-426e-bb65-815cebb88f00,67.31,1565,80,2000,170,2.125
70596b79-5a88-41a8-9b94-125a53f5430c,46,bf6ce8c9-85e7-4882-90a4-42cffa82f758,67.93,1693,80,2000,37,0.4625
70596b79-5a88-41a8-9b94-125a53f5430c,46,73bf48bc-d2ec-466e-8090-4781a4edd986,91.05,382,50,500,0,0
70596b79-5a88-41a8-9b94-125a53f5430c,46,e44a6184-0b14-4fcb-a385-e9ed68fe17c4,68.51,483,50,500,17,0.34
70596b79-5a88-41a8-9b94-125a53f5430c,46,c314bd6c-7b2b-4ca2-9235-878f57e9da29,77.45,476,50,500,0,0
70596b79-5a88-41a8-9b94-125a53f5430c,46,740ddbc7-9ed8-4c96-8673-32f80cbae031,73.97,481,50,500,3,0.06
70596b79-5a88-41a8-9b94-125a53f5430c,46,f34b7321-b2bb-4f72-a843-bb3c79fc24aa,67.43,120,20,200,80,4.0
70596b79-5a88-41a8-9b94-125a53f5430c,46,b65e06a6-02ee-408d-9170-967436ca47f1,82.07,179,20,200,0,0
70596b79-5a88-41a8-9b94-125a53f5430c,47,19383c3a-9fbc-426e-bb65-815cebb88f00,76.23,1645,80,2000,0,0
70596b79-5a88-41a8-9b94-125a53f5430c,47,bf6ce8c9-85e7-4882-90a4-42cffa82f758,65.64,1705,80,2000,68,0.85
70596b79-5a88-41a8-9b94-125a53f5430c,47,73bf48bc-d2ec-466e-8090-4781a4edd986,83.77,432,50,500,0,0
70596b79-5a88-41a8-9b94-125a53f5430c,47,e44a6184-0b14-4fcb-a385-e9ed68fe17c4,65.36,349,50,500,151,3.02
70596b79-5a88-41a8-9b94-125a53f5430c,47,c314bd6c-7b2b-4ca2-9235-878f57e9da29,71.25,466,50,500,34,0.68
70596b79-5a88-41a8-9b94-125a53f5430c,47,740ddbc7-9ed8-4c96-8673-32f80cbae031,68.5,455,50,500,45,0.9
70596b79-5a88-41a8-9b94-125a53f5430c,47,f34b7321-b2bb-4f72-a843-bb3c79fc24aa,89.01,140,20,200,0,0
70596b79-5a88-41a8-9b94-125a53f5430c,47,b65e06a6-02ee-408d-9170-967436ca47f1,75.5,194,20,200,5,0.25
70596b79-5a88-41a8-9b94-125a53f5430c,48,19383c3a-9fbc-426e-bb65-815cebb88f00,70.13,1683,80,2000,42,0.525
70596b79-5a88-41a8-9b94-125a53f5430c,48,bf6ce8c9-85e7-4882-90a4-42cffa82f758,65.97,1615,80,2000,170,2.125
70596b79-5a88-41a8-9b94-125a53f5430c,48,73bf48bc-d2ec-466e-8090-4781a4edd986,77.07,482,50,500,0,0
70596b79-5a88-41a8-9b94-125a53f5430c,48,e44a6184-0b14-4fcb-a385-e9ed68fe17c4,79.87,399,50,500,0,0
70596b79-5a88-41a8-9b94-125a53f5430c,48,c314bd6c-7b2b-4ca2-9235-878f57e9da29,70.39,463,50,500,37,0.74
70596b79-5a88-41a8-9b94-125a53f5430c,48,740ddbc7-9ed8-4c96-8673-32f80cbae031,69.19,426,50,500,74,1.48
70596b79-5a88-41a8-9b94-125a53f5430c,48,f34b7321-b2bb-4f72-a843-bb3c79fc24aa,81.89,160,20,200,0,0
70596b79-5a88-41a8-9b94-125a53f5430c,48,b65e06a6-02ee-408d-9170-967436ca47f1,71.35,200,20,200,0,0
70596b79-5a88-41a8-9b94-125a53f5430c,49,19383c3a-9fbc-426e-bb65-815cebb88f00,68.2,1653,80,2000,110,1.375
70596b79-5a88-41a8-9b94-125a53f5430c,49,bf6ce8c9-85e7-4882-90a4-42cffa82f758,74.71,1695,80,2000,0,0
70596b79-5a88-41a8-9b94-125a53f5430c,49,73bf48bc-d2ec-466e-8090-4781a4edd986,70.9,494,50,500,6,0.12
70596b79-5a88-41a8-9b94-125a53f5430c,49,e44a6184-0b14-4fcb-a385-e9ed68fe17c4,73.48,445,50,500,4,0.08
70596b79-5a88-41a8-9b94-125a53f5430c,49,c314bd6c-7b2b-4ca2-9235-878f57e9da29,69.97,453,50,500,47,0.94
70596b79-5a88-41a8-9b94-125a53f5430c,49,740ddbc7-9ed8-4c96-8673-32f80cbae031,73.89,476,50,500,0,0
70596b79-5a88-41a8-9b94-125a53f5430c,49,f34b7321-b2bb-4f72-a843-bb3c79fc24aa,75.34,180,20,200,0,0
70596b79-5a88-41a8-9b94-125a53f5430c,49,b65e06a6-02ee-408d-9170-967436ca47f1,65.64,55,20,200,145,7.25
70596b79-5a88-41a8-9b94-125a53f5430c,50,19383c3a-9fbc-426e-bb65-815cebb88f00,72.12,1733,80,2000,0,0
70596b79-5a88-41a8-9b94-125a53f5430c,50,bf6ce8c9-85e7-4882-90a4-42cffa82f758,68.73,1760,80,2000,15,0.1875
70596b79-5a88-41a8-9b94-125a53f5430c,50,73bf48bc-d2ec-466e-8090-4781a4edd986,66.08,343,50,500,157,3.14
70596b79-5a88-41a8-9b94-125a53f5430c,50,e44a6184-0b14-4fcb-a385-e9ed68fe17c4,68.19,463,50,500,32,0.64
70596b79-5a88-41a8-9b94-125a53f5430c,50,c314bd6c-7b2b-4ca2-9235-878f57e9da29,70.95,500,50,500,0,0
70596b79-5a88-41a8-9b94-125a53f5430c,50,740ddbc7-9ed8-4c96-8673-32f80cbae031,67.98,423,50,500,77,1.54
70596b79-5a88-41a8-9b94-125a53f5430c,50,f34b7321-b2bb-4f72-a843-bb3c79fc24aa,69.31,196,20,200,4,0.2
70596b79-5a88-41a8-9b94-125a53f5430c,50,b65e06a6-02ee-408d-9170-967436ca47f1,107.98,75,20,200,0,0
70596b79-5a88-41a8-9b94-125a53f5430c,51,19383c3a-9fbc-426e-bb65-815cebb88f00,66.35,1793,80,2000,20,0.25
70596b79-5a88-41a8-9b94-125a53f5430c,51,bf6ce8c9-85e7-4882-90a4-42cffa82f758,64.52,1689,80,2000,151,1.8875
70596b79-5a88-41a8-9b94-125a53f5430c,51,73bf48bc-d2ec-466e-8090-4781a4edd986,81.54,393,50,500,0,0
70596b79-5a88-41a8-9b94-125a53f5430c,51,e44a6184-0b14-4fcb-a385-e9ed68fe17c4,67.1,487,50,500,13,0.26
70596b79-5a88-41a8-9b94-125a53f5430c,51,c314bd6c-7b2b-4ca2-9235-878f57e9da29,65.27,453,50,500,47,0.94
70596b79-5a88-41a8-9b94-125a53f5430c,51,740ddbc7-9ed8-4c96-8673-32f80cbae031,73.01,473,50,500,0,0
70596b79-5a88-41a8-9b94-125a53f5430c,51,f34b7321-b2bb-4f72-a843-bb3c79fc24aa,65.15,113,20,200,87,4.35
70596b79-5a88-41a8-9b94-125a53f5430c,51,b65e06a6-02ee-408d-9170-967436ca47f1,99.34,95,20,200,0,0
70596b79-5a88-41a8-9b94-125a53f5430c,52,19383c3a-9fbc-426e-bb65-815cebb88f00,62.7,1740,80,2000,133,1.6625
70596b79-5a88-41a8-9b94-125a53f5430c,52,bf6ce8c9-85e7-4882-90a4-42cffa82f758,71.54,1764,80,2000,5,0.0625
70596b79-5a88-41a8-9b94-125a53f5430c,52,73bf48bc-d2ec-466e-8090-4781a4edd986,75.02,443,50,500,0,0
70596b79-5a88-41a8-9b94-125a53f5430c,52,e44a6184-0b14-4fcb-a385-e9ed68fe17c4,63.48,392,50,500,108,2.16
70596b79-5a88-41a8-9b94-125a53f5430c,52,c314bd6c-7b2b-4ca2-9235-878f57e9da29,66.18,454,50,500,46,0.92
70596b79-5a88-41a8-9b94-125a53f5430c,52,740ddbc7-9ed8-4c96-8673-32f80cbae031,67.17,475,50,500,25,0.5
70596b79-5a88-41a8-9b94-125a53f5430c,52,f34b7321-b2bb-4f72-a843-bb3c79fc24aa,88.28,133,20,200,0,0
70596b79-5a88-41a8-9b94-125a53f5430c,52,b65e06a6-02ee-408d-9170-967436ca47f1,91.39,115,20,200,0,0
70596b79-5a88-41a8-9b94-125a53f5430c,53,19383c3a-9fbc-426e-bb65-815cebb88f00,68.11,1807,80,2000,13,0.1625
70596b79-5a88-41a8-9b94-125a53f5430c,53,bf6ce8c9-85e7-4882-90a4-42cffa82f758,66.26,1763,80,2000,81,1.0125
70596b79-5a88-41a8-9b94-125a53f5430c,53,73bf48bc-d2ec-466e-8090-4781a4edd986,69.02,488,50,500,5,0.1
70596b79-5a88-41a8-9b94-125a53f5430c,53,e44a6184-0b14-4fcb-a385-e9ed68fe17c4,72.11,442,50,500,0,0
70596b79-5a88-41a8-9b94-125a53f5430c,53,c314bd6c-7b2b-4ca2-9235-878f57e9da29,66.97,440,50,500,60,1.2
70596b79-5a88-41a8-9b94-125a53f5430c,53,740ddbc7-9ed8-4c96-8673-32f80cbae031,65.15,355,50,500,145,2.9
70596b79-5a88-41a8-9b94-125a53f5430c,53,f34b7321-b2bb-4f72-a843-bb3c79fc24aa,81.22,153,20,200,0,0
70596b79-5a88-41a8-9b94-125a53f5430c,53,b65e06a6-02ee-408d-9170-967436ca47f1,84.08,135,20,200,0,0
70596b79-5a88-41a8-9b94-125a53f5430c,54,19383c3a-9fbc-426e-bb65-815cebb88f00,63.77,1729,80,2000,158,1.975
70596b79-5a88-41a8-9b94-125a53f5430c,54,bf6ce8c9-85e7-4882-90a4-42cffa82f758,67.67,1813,80,2000,30,0.375
70596b79-5a88-41a8-9b94-125a53f5430c,54,73bf48bc-d2ec-466e-8090-4781a4edd986,64.19,431,50,500,69,1.38
70596b79-5a88-41a8-9b94-125a53f5430c,54,e44a6184-0b14-4fcb-a385-e9ed68fe17c4,66.34,440,50,500,52,1.04
70596b79-5a88-41a8-9b94-125a53f5430c,54,c314bd6c-7b2b-4ca2-9235-878f57e9da29,69.65,486,50,500,4,0.08
70596b79-5a88-41a8-9b94-125a53f5430c,54,740ddbc7-9ed8-4c96-8673-32f80cbae031,78.83,405,50,500,0,0
70596b79-5a88-41a8-9b94-125a53f5430c,54,f34b7321-b2bb-4f72-a843-bb3c79fc24aa,74.72,173,20,200,0,0
70596b79-5a88-41a8-9b94-125a53f5430c,54,b65e06a6-02ee-408d-9170-967436ca47f1,77.35,155,20,200,0,0
70596b79-5a88-41a8-9b94-125a53f5430c,55,19383c3a-9fbc-426e-bb65-815cebb88f00,71.26,1809,80,2000,0,0
70596b79-5a88-41a8-9b94-125a53f5430c,55,bf6ce8c9-85e7-4882-90a4-42cffa82f758,64.79,1811,80,2000,82,1.025
70596b79-5a88-41a8-9b94-125a53f5430c,55,73bf48bc-d2ec-466e-8090-4781a4edd986,67.91,437,50,500,44,0.88
70596b79-5a88-41a8-9b94-125a53f5430c,55,e44a6184-0b14-4fcb-a385-e9ed68fe17c4,67.93,462,50,500,28,0.56
70596b79-5a88-41a8-9b94-125a53f5430c,55,c314bd6c-7b2b-4ca2-9235-878f57e9da29,64.64,350,50,500,150,3.0
70596b79-5a88-41a8-9b94-125a53f5430c,55,740ddbc7-9ed8-4c96-8673-32f80cbae031,72.52,455,50,500,0,0
70596b79-5a88-41a8-9b94-125a53f5430c,55,f34b7321-b2bb-4f72-a843-bb3c79fc24aa,68.74,191,20,200,2,0.1
70596b79-5a88-41a8-9b94-125a53f5430c,55,b65e06a6-02ee-408d-9170-967436ca47f1,71.16,175,20,200,0,0
70596b79-5a88-41a8-9b94-125a53f5430c,56,19383c3a-9fbc-426e-bb65-815cebb88f00,65.56,1848,80,2000,41,0.5125
70596b79-5a88-41a8-9b94-125a53f5430c,56,bf6ce8c9-85e7-4882-90a4-42cffa82f758,66.25,1881,80,2000,10,0.125
70596b79-5a88-41a8-9b94-125a53f5430c,56,73bf48bc-d2ec-466e-8090-4781a4edd986,68.45,487,50,500,0,0
70596b79-5a88-41a8-9b94-125a53f5430c,56,e44a6184-0b14-4fcb-a385-e9ed68fe17c4,66.3,494,50,500,6,0.12
70596b79-5a88-41a8-9b94-125a53f5430c,56,c314bd6c-7b2b-4ca2-9235-878f57e9da29,78.86,400,50,500,0,0
70596b79-5a88-41a8-9b94-125a53f5430c,56,740ddbc7-9ed8-4c96-8673-32f80cbae031,66.72,500,50,500,0,0
70596b79-5a88-41a8-9b94-125a53f5430c,56,f34b7321-b2bb-4f72-a843-bb3c79fc24aa,63.93,69,20,200,131,6.55
70596b79-5a88-41a8-9b94-125a53f5430c,56,b65e06a6-02ee-408d-9170-967436ca47f1,65.47,107,20,200,88,4.4
70596b79-5a88-41a8-9b94-125a53f5430c,57,19383c3a-9fbc-426e-bb65-815cebb88f00,63.68,1924,80,2000,4,0.05
70596b79-5a88-41a8-9b94-125a53f5430c,57,bf6ce8c9-85e7-4882-90a4-42cffa82f758,61.78,1878,80,2000,83,1.0375
70596b79-5a88-41a8-9b94-125a53f5430c,57,73bf48bc-d2ec-466e-8090-4781a4edd986,62.97,475,50,500,25,0.5
70596b79-5a88-41a8-9b94-125a53f5430c,57,e44a6184-0b14-4fcb-a385-e9ed68fe17c4,61.79,470,50,500,30,0.6
70596b79-5a88-41a8-9b94-125a53f5430c,57,c314bd6c-7b2b-4ca2-9235-878f57e9da29,72.55,450,50,500,0,0
70596b79-5a88-41a8-9b94-125a53f5430c,57,740ddbc7-9ed8-4c96-8673-32f80cbae031,61.38,352,50,500,148,2.96
70596b79-5a88-41a8-9b94-125a53f5430c,57,f34b7321-b2bb-4f72-a843-bb3c79fc24aa,100.69,89,20,200,0,0
70596b79-5a88-41a8-9b94-125a53f5430c,57,b65e06a6-02ee-408d-9170-967436ca47f1,89.04,127,20,200,0,0
70596b79-5a88-41a8-9b94-125a53f5430c,58,19383c3a-9fbc-426e-bb65-815cebb88f00,58.9,1854,80,2000,146,1.825
70596b79-5a88-41a8-9b94-125a53f5430c,58,bf6ce8c9-85e7-4882-90a4-42cffa82f758,63.25,1941,80,2000,17,0.2125
70596b79-5a88-41a8-9b94-125a53f5430c,58,73bf48bc-d2ec-466e-8090-4781a4edd986,61.08,451,50,500,49,0.98
70596b79-5a88-41a8-9b94-125a53f5430c,58,e44a6184-0b14-4fcb-a385-e9ed68fe17c4,60.55,377,50,500,123,2.46
70596b79-5a88-41a8-9b94-125a53f5430c,58,c314bd6c-7b2b-4ca2-9235-878f57e9da29,66.75,499,50,500,1,0.02
70596b79-5a88-41a8-9b94-125a53f5430c,58,740ddbc7-9ed8-4c96-8673-32f80cbae031,74.64,402,50,500,0,0
70596b79-5a88-41a8-9b94-125a53f5430c,58,f34b7321-b2bb-4f72-a843-bb3c79fc24aa,92.63,109,20,200,0,0
70596b79-5a88-41a8-9b94-125a53f5430c,58,b65e06a6-02ee-408d-9170-967436ca47f1,81.92,147,20,200,0,0
70596b79-5a88-41a8-9b94-125a53f5430c,59,19383c3a-9fbc-426e-bb65-815cebb88f00,64.94,1919,80,2000,15,0.1875
70596b79-5a88-41a8-9b94-125a53f5430c,59,bf6ce8c9-85e7-4882-90a4-42cffa82f758,59.53,1846,80,2000,154,1.925
70596b79-5a88-41a8-9b94-125a53f5430c,59,73bf48bc-d2ec-466e-8090-4781a4edd986,62.18,453,50,500,47,0.94
70596b79-5a88-41a8-9b94-125a53f5430c,59,e44a6184-0b14-4fcb-a385-e9ed68fe17c4,70.6,427,50,500,0,0
70596b79-5a88-41a8-9b94-125a53f5430c,59,c314bd6c-7b2b-4ca2-9235-878f57e9da29,61.54,428,50,500,72,1.44
70596b79-5a88-41a8-9b94-125a53f5430c,59,740ddbc7-9ed8-4c96-8673-32f80cbae031,68.67,447,50,500,5,0.1
70596b79-5a88-41a8-9b94-125a53f5430c,59,f34b7321-b2bb-4f72-a843-bb3c79fc24aa,85.22,129,20,200,0,0
70596b79-5a88-41a8-9b94-125a53f5430c,59,b65e06a6-02ee-408d-9170-967436ca47f1,75.37,167,20,200,0,0
70596b79-5a88-41a8-9b94-125a53f5430c,60,19383c3a-9fbc-426e-bb65-815cebb88f00,60.96,1789.0,40.0,2000,170,4.25
70596b79-5a88-41a8-9b94-125a53f5430c,60,bf6ce8c9-85e7-4882-90a4-42cffa82f758,66.23,1886.0,40.0,2000,0,0
70596b79-5a88-41a8-9b94-125a53f5430c,60,73bf48bc-d2ec-466e-8090-4781a4edd986,63.05,386,50,500,114,2.28
70596b79-5a88-41a8-9b94-125a53f5430c,60,e44a6184-0b14-4fcb-a385-e9ed68fe17c4,64.95,467,50,500,10,0.2
70596b79-5a88-41a8-9b94-125a53f5430c,60,c314bd6c-7b2b-4ca2-9235-878f57e9da29,65.48,470,50,500,8,0.16
70596b79-5a88-41a8-9b94-125a53f5430c,60,740ddbc7-9ed8-4c96-8673-32f80cbae031,63.86,470,50,500,27,0.54
70596b79-5a88-41a8-9b94-125a53f5430c,60,f34b7321-b2bb-4f72-a843-bb3c79fc24aa,78.4,149,20,200,0,0
70596b79-5a88-41a8-9b94-125a53f5430c,60,b65e06a6-02ee-408d-9170-967436ca47f1,69.34,187,20,200,0,0
70596b79-5a88-41a8-9b94-125a53f5430c,61,19383c3a-9fbc-426e-bb65-815cebb88f00,81.99,1809.0,20.0,2000,0,0
70596b79-5a88-41a8-9b94-125a53f5430c,61,bf6ce8c9-85e7-4882-90a4-42cffa82f758,60.93,1796.0,20.0,2000,110,5.5
70596b79-5a88-41a8-9b94-125a53f5430c,61,73bf48bc-d2ec-466e-8090-4781a4edd986,72.38,436,50,500,0,0
70596b79-5a88-41a8-9b94-125a53f5430c,61,e44a6184-0b14-4fcb-a385-e9ed68fe17c4,61.05,375,50,500,125,2.5
70596b79-5a88-41a8-9b94-125a53f5430c,61,c314bd6c-7b2b-4ca2-9235-878f57e9da29,61.29,446,50,500,54,1.08
70596b79-5a88-41a8-9b94-125a53f5430c,61,740ddbc7-9ed8-4c96-8673-32f80cbae031,62.2,489,50,500,11,0.22
70596b79-5a88-41a8-9b94-125a53f5430c,61,f34b7321-b2bb-4f72-a843-bb3c79fc24aa,72.13,169,20,200,0,0
70596b79-5a88-41a8-9b94-125a53f5430c,61,b65e06a6-02ee-408d-9170-967436ca47f1,63.79,193,20,200,7,0.35
70596b79-5a88-41a8-9b94-125a53f5430c,62,19383c3a-9fbc-426e-bb65-815cebb88f00,75.43,1819.0,10.0,2000,0,0
70596b79-5a88-41a8-9b94-125a53f5430c,62,bf6ce8c9-85e7-4882-90a4-42cffa82f758,89.57,1806.0,10.0,2000,0,0
70596b79-5a88-41a8-9b94-125a53f5430c,62,73bf48bc-d2ec-466e-8090-4781a4edd986,66.59,483,50,500,3,0.06
70596b79-5a88-41a8-9b94-125a53f5430c,62,e44a6184-0b14-4fcb-a385-e9ed68fe17c4,71.43,425,50,500,0,0
70596b79-5a88-41a8-9b94-125a53f5430c,62,c314bd6c-7b2b-4ca2-9235-878f57e9da29,63.01,457,50,500,39,0.78
70596b79-5a88-41a8-9b94-125a53f5430c,62,740ddbc7-9ed8-4c96-8673-32f80cbae031,58.59,371,50,500,129,2.58
70596b79-5a88-41a8-9b94-125a53f5430c,62,f34b7321-b2bb-4f72-a843-bb3c79fc24aa,66.36,182,20,200,7,0.35
70596b79-5a88-41a8-9b94-125a53f5430c,62,b65e06a6-02ee-408d-9170-967436ca47f1,60.92,88,20,200,112,5.6
70596b79-5a88-41a8-9b94-125a53f5430c,63,19383c3a-9fbc-426e-bb65-815cebb88f00,69.4,1824.0,5.0,2000,0,0
70596b79-5a88-41a8-9b94-125a53f5430c,63,bf6ce8c9-85e7-4882-90a4-42cffa82f758,82.4,1811.0,5.0,2000,0,0
70596b79-5a88-41a8-9b94-125a53f5430c,63,73bf48bc-d2ec-466e-8090-4781a4edd986,61.66,359,50,500,141,2.82
70596b79-5a88-41a8-9b94-125a53f5430c,63,e44a6184-0b14-4fcb-a385-e9ed68fe17c4,65.72,459,50,500,16,0.32
70596b79-5a88-41a8-9b94-125a53f5430c,63,c314bd6c-7b2b-4ca2-9235-878f57e9da29,62.88,417,50,500,83,1.66
70596b79-5a88-41a8-9b94-125a53f5430c,63,740ddbc7-9ed8-4c96-8673-32f80cbae031,69.02,421,50,500,0,0
70596b79-5a88-41a8-9b94-125a53f5430c,63,f34b7321-b2bb-4f72-a843-bb3c79fc24aa,63.37,141,20,200,59,2.95
70596b79-5a88-41a8-9b94-125a53f5430c,63,b65e06a6-02ee-408d-9170-967436ca47f1,90.16,108,20,200,0,0
70596b79-5a88-41a8-9b94-125a53f5430c,64,19383c3a-9fbc-426e-bb65-815cebb88f00,63.85,1778.5,2.5,2000,48,19.2
70596b79-5a88-41a8-9b94-125a53f5430c,64,bf6ce8c9-85e7-4882-90a4-42cffa82f758,75.81,1813.5,2.5,2000,0,0
70596b79-5a88-41a8-9b94-125a53f5430c,64,73bf48bc-d2ec-466e-8090-4781a4edd986,74.12,402,50,500,7,0.14
70596b79-5a88-41a8-9b94-125a53f5430c,64,e44a6184-0b14-4fcb-a385-e9ed68fe17c4,62.57,369,50,500,131,2.62
70596b79-5a88-41a8-9b94-125a53f5430c,64,c314bd6c-7b2b-4ca2-9235-878f57e9da29,68.29,464,50,500,3,0.06
70596b79-5a88-41a8-9b94-125a53f5430c,64,740ddbc7-9ed8-4c96-8673-32f80cbae031,63.5,376,50,500,95,1.9
70596b79-5a88-41a8-9b94-125a53f5430c,64,f34b7321-b2bb-4f72-a843-bb3c79fc24aa,76.99,161,20,200,0,0
70596b79-5a88-41a8-9b94-125a53f5430c,64,b65e06a6-02ee-408d-9170-967436ca47f1,82.95,128,20,200,0,0
70596b79-5a88-41a8-9b94-125a53f5430c,65,19383c3a-9fbc-426e-bb65-815cebb88f00,181.33,1779.75,1.25,2000,0,0
70596b79-5a88-41a8-9b94-125a53f5430c,65,bf6ce8c9-85e7-4882-90a4-42cffa82f758,69.75,1768.75,1.25,2000,46,36.8
70596b79-5a88-41a8-9b94-125a53f5430c,65,73bf48bc-d2ec-466e-8090-4781a4edd986,69.23,365,50,500,87,1.74
70596b79-5a88-41a8-9b94-125a53f5430c,65,e44a6184-0b14-4fcb-a385-e9ed68fe17c4,73.96,419,50,500,0,0
70596b79-5a88-41a8-9b94-125a53f5430c,65,c314bd6c-7b2b-4ca2-9235-878f57e9da29,63.24,328,50,500,172,3.44
70596b79-5a88-41a8-9b94-125a53f5430c,65,740ddbc7-9ed8-4c96-8673-32f80cbae031,70.48,404,50,500,22,0.44
70596b79-5a88-41a8-9b94-125a53f5430c,65,f34b7321-b2bb-4f72-a843-bb3c79fc24aa,70.83,181,20,200,0,0
70596b79-5a88-41a8-9b94-125a53f5430c,65,b65e06a6-02ee-408d-9170-967436ca47f1,76.31,148,20,200,0,0
70596b79-5a88-41a8-9b94-125a53f5430c,66,19383c3a-9fbc-426e-bb65-815cebb88f00,166.82,1780.37,0.62,2000,0,0
70596b79-5a88-41a8-9b94-125a53f5430c,66,bf6ce8c9-85e7-4882-90a4-42cffa82f758,320.85,1769.37,0.62,2000,0,0
70596b79-5a88-41a8-9b94-125a53f5430c,66,73bf48bc-d2ec-466e-8090-4781a4edd986,75.74,410,50,500,5,0.1
70596b79-5a88-41a8-9b94-125a53f5430c,66,e44a6184-0b14-4fcb-a385-e9ed68fe17c4,68.04,426,50,500,43,0.86
70596b79-5a88-41a8-9b94-125a53f5430c,66,c314bd6c-7b2b-4ca2-9235-878f57e9da29,79.94,378,50,500,0,0
70596b79-5a88-41a8-9b94-125a53f5430c,66,740ddbc7-9ed8-4c96-8673-32f80cbae031,67.94,385,50,500,69,1.38
70596b79-5a88-41a8-9b94-125a53f5430c,66,f34b7321-b2bb-4f72-a843-bb3c79fc24aa,65.16,20,20,200,180,9.0
70596b79-5a88-41a8-9b94-125a53f5430c,66,b65e06a6-02ee-408d-9170-967436ca47f1,70.21,165,20,200,3,0.15
70596b79-5a88-41a8-9b94-125a53f5430c,67,19383c3a-9fbc-426e-bb65-815cebb88f00,153.47,1780.6799999999998,0.31,2000,0,0
70596b79-5a88-41a8-9b94-125a53f5430c,67,bf6ce8c9-85e7-4882-90a4-42cffa82f758,295.18,1769.6799999999998,0.31,2000,0,0
70596b79-5a88-41a8-9b94-125a53f5430c,67,73bf48bc-d2ec-466e-8090-4781a4edd986,70.44,366,50,500,94,1.88
70596b79-5a88-41a8-9b94-125a53f5430c,67,e44a6184-0b14-4fcb-a385-e9ed68fe17c4,68.45,411,50,500,65,1.3
70596b79-5a88-41a8-9b94-125a53f5430c,67,c314bd6c-7b2b-4ca2-9235-878f57e9da29,73.54,425,50,500,3,0.06
70596b79-5a88-41a8-9b94-125a53f5430c,67,740ddbc7-9ed8-4c96-8673-32f80cbae031,71.88,421,50,500,14,0.28
70596b79-5a88-41a8-9b94-125a53f5430c,67,f34b7321-b2bb-4f72-a843-bb3c79fc24aa,118.59,40,20,200,0,0
70596b79-5a88-41a8-9b94-125a53f5430c,67,b65e06a6-02ee-408d-9170-967436ca47f1,65.65,57,20,200,128,6.4
70596b79-5a88-41a8-9b94-125a53f5430c,68,19383c3a-9fbc-426e-bb65-815cebb88f00,141.19,1780.83,0.15,2000,0,0
70596b79-5a88-41a8-9b94-125a53f5430c,68,bf6ce8c9-85e7-4882-90a4-42cffa82f758,271.57,1769.83,0.15,2000,0,0
70596b79-5a88-41a8-9b94-125a53f5430c,68,73bf48bc-d2ec-466e-8090-4781a4edd986,78.05,401,50,500,15,0.3
70596b79-5a88-41a8-9b94-125a53f5430c,68,e44a6184-0b14-4fcb-a385-e9ed68fe17c4,71.87,399,50,500,62,1.24
70596b79-5a88-41a8-9b94-125a53f5430c,68,c314bd6c-7b2b-4ca2-9235-878f57e9da29,68.1,301,50,500,174,3.48
70596b79-5a88-41a8-9b94-125a53f5430c,68,740ddbc7-9ed8-4c96-8673-32f80cbae031,68.14,404,50,500,67,1.34
70596b79-5a88-41a8-9b94-125a53f5430c,68,f34b7321-b2bb-4f72-a843-bb3c79fc24aa,109.1,60,20,200,0,0
70596b79-5a88-41a8-9b94-125a53f5430c,68,b65e06a6-02ee-408d-9170-967436ca47f1,102.41,69,20,200,8,0.4
70596b79-5a88-41a8-9b94-125a53f5430c,69,19383c3a-9fbc-426e-bb65-815cebb88f00,129.89,1780.8999999999999,0.07,2000,0,0
70596b79-5a88-41a8-9b94-125a53f5430c,69,bf6ce8c9-85e7-4882-90a4-42cffa82f758,249.84,1769.8999999999999,0.07,2000,0,0
70596b79-5a88-41a8-9b94-125a53f5430c,69,73bf48bc-d2ec-466e-8090-4781a4edd986,74.15,343,50,500,108,2.16
70596b79-5a88-41a8-9b94-125a53f5430c,69,e44a6184-0b14-4fcb-a385-e9ed68fe17c4,75.03,393,50,500,56,1.12
70596b79-5a88-41a8-9b94-125a53f5430c,69,c314bd6c-7b2b-4ca2-9235-878f57e9da29,86.35,340,50,500,11,0.22
70596b79-5a88-41a8-9b94-125a53f5430c,69,740ddbc7-9ed8-4c96-8673-32f80cbae031,71.82,317,50,500,137,2.74
70596b79-5a88-41a8-9b94-125a53f5430c,69,f34b7321-b2bb-4f72-a843-bb3c79fc24aa,100.37,80,20,200,0,0
70596b79-5a88-41a8-9b94-125a53f5430c,69,b65e06a6-02ee-408d-9170-967436ca47f1,98.31,89,20,200,0,0
70596b79-5a88-41a8-9b94-125a53f5430c,70,19383c3a-9fbc-426e-bb65-815cebb88f00,119.5,1780.9399999999998,0.04,2000,0,0
70596b79-5a88-41a8-9b94-125a53f5430c,70,bf6ce8c9-85e7-4882-90a4-42cffa82f758,229.85,1769.9399999999998,0.04,2000,0,0
70596b79-5a88-41a8-9b94-125a53f5430c,70,73bf48bc-d2ec-466e-8090-4781a4edd986,84.23,364,50,500,29,0.58
70596b79-5a88-41a8-9b94-125a53f5430c,70,e44a6184-0b14-4fcb-a385-e9ed68fe17c4,77.43,280,50,500,163,3.26
70596b79-5a88-41a8-9b94-125a53f5430c,70,c314bd6c-7b2b-4ca2-9235-878f57e9da29,81.34,303,50,500,87,1.74
70596b79-5a88-41a8-9b94-125a53f5430c,70,740ddbc7-9ed8-4c96-8673-32f80cbae031,85.75,349,50,500,18,0.36
70596b79-5a88-41a8-9b94-125a53f5430c,70,f34b7321-b2bb-4f72-a843-bb3c79fc24aa,92.34,100,20,200,0,0
70596b79-5a88-41a8-9b94-125a53f5430c,70,b65e06a6-02ee-408d-9170-967436ca47f1,90.45,104,20,200,5,0.25
70596b79-5a88-41a8-9b94-125a53f5430c,71,19383c3a-9fbc-426e-bb65-815cebb88f00,109.94,1780.9599999999998,0.02,2000,0,0
70596b79-5a88-41a8-9b94-125a53f5430c,71,bf6ce8c9-85e7-4882-90a4-42cffa82f758,211.46,1769.9599999999998,0.02,2000,0,0
70596b79-5a88-41a8-9b94-125a53f5430c,71,73bf48bc-d2ec-466e-8090-4781a4edd986,82.38,360,50,500,54,1.08
70596b79-5a88-41a8-9b94-125a53f5430c,71,e44a6184-0b14-4fcb-a385-e9ed68fe17c4,96.48,330,50,500,0,0
70596b79-5a88-41a8-9b94-125a53f5430c,71,c314bd6c-7b2b-4ca2-9235-878f57e9da29,88.99,344,50,500,9,0.18
70596b79-5a88-41a8-9b94-125a53f5430c,71,740ddbc7-9ed8-4c96-8673-32f80cbae031,81.98,237,50,500,162,3.24
70596b79-5a88-41a8-9b94-125a53f5430c,71,f34b7321-b2bb-4f72-a843-bb3c79fc24aa,84.95,74,20,200,46,2.3
70596b79-5a88-41a8-9b94-125a53f5430c,71,b65e06a6-02ee-408d-9170-967436ca47f1,85.48,105,20,200,19,0.95
70596b79-5a88-41a8-9b94-125a53f5430c,72,19383c3a-9fbc-426e-bb65-815cebb88f00,101.14,1780.9699999999998,0.01,2000,0,0
70596b79-5a88-41a8-9b94-125a53f5430c,72,bf6ce8c9-85e7-4882-90a4-42cffa82f758,194.54,1769.9699999999998,0.01,2000,0,0
70596b79-5a88-41a8-9b94-125a53f5430c,72,73bf48bc-d2ec-466e-8090-4781a4edd986,84.69,313,50,500,97,1.94
70596b79-5a88-41a8-9b94-125a53f5430c,72,e44a6184-0b14-4fcb-a385-e9ed68fe17c4,88.76,365,50,500,15,0.3
70596b79-5a88-41a8-9b94-125a53f5430c,72,c314bd6c-7b2b-4ca2-9235-878f57e9da29,83.47,273,50,500,121,2.42
70596b79-5a88-41a8-9b94-125a53f5430c,72,740ddbc7-9ed8-4c96-8673-32f80cbae031,101.98,287,50,500,0,0
70596b79-5a88-41a8-9b94-125a53f5430c,72,f34b7321-b2bb-4f72-a843-bb3c79fc24aa,97.69,74,20,200,20,1.0
70596b79-5a88-41a8-9b94-125a53f5430c,72,b65e06a6-02ee-408d-9170-967436ca47f1,86.76,92,20,200,33,1.65
70596b79-5a88-41a8-9b94-125a53f5430c,73,19383c3a-9fbc-426e-bb65-815cebb88f00,93.05,1694.9799999999998,0.01,2000,86,8600.0
70596b79-5a88-41a8-9b94-125a53f5430c,73,bf6ce8c9-85e7-4882-90a4-42cffa82f758,178.98,1769.9799999999998,0.01,2000,0,0
70596b79-5a88-41a8-9b94-125a53f5430c,73,73bf48bc-d2ec-466e-8090-4781a4edd986,94.34,362,50,500,1,0.02
70596b79-5a88-41a8-9b94-125a53f5430c,73,e44a6184-0b14-4fcb-a385-e9ed68fe17c4,84.32,234,50,500,181,3.62
70596b79-5a88-41a8-9b94-125a53f5430c,73,c314bd6c-7b2b-4ca2-9235-878f57e9da29,96.99,323,50,500,0,0
70596b79-5a88-41a8-9b94-125a53f5430c,73,740ddbc7-9ed8-4c96-8673-32f80cbae031,93.82,308,50,500,29,0.58
70596b79-5a88-41a8-9b94-125a53f5430c,73,f34b7321-b2bb-4f72-a843-bb3c79fc24aa,99.64,94,20,200,0,0
70596b79-5a88-41a8-9b94-125a53f5430c,73,b65e06a6-02ee-408d-9170-967436ca47f1,94.13,100,20,200,12,0.6
70596b79-5a88-41a8-9b94-125a53f5430c,74,19383c3a-9fbc-426e-bb65-815cebb88f00,80108.61,1694.9899999999998,0.01,2000,0,0
70596b79-5a88-41a8-9b94-125a53f5430c,74,bf6ce8c9-85e7-4882-90a4-42cffa82f758,164.66,1769.9899999999998,0.01,2000,0,0
70596b79-5a88-41a8-9b94-125a53f5430c,74,73bf48bc-d2ec-466e-8090-4781a4edd986,86.98,272,50,500,140,2.8
70596b79-5a88-41a8-9b94-125a53f5430c,74,e44a6184-0b14-4fcb-a385-e9ed68fe17c4,108.1,284,50,500,0,0
70596b79-5a88-41a8-9b94-125a53f5430c,74,c314bd6c-7b2b-4ca2-9235-878f57e9da29,89.23,286,50,500,87,1.74
70596b79-5a88-41a8-9b94-125a53f5430c,74,740ddbc7-9ed8-4c96-8673-32f80cbae031,91.76,344,50,500,14,0.28
70596b79-5a88-41a8-9b94-125a53f5430c,74,f34b7321-b2bb-4f72-a843-bb3c79fc24aa,91.67,64,20,200,50,2.5
70596b79-5a88-41a8-9b94-125a53f5430c,74,b65e06a6-02ee-408d-9170-967436ca47f1,92.25,120,20,200,0,0
70596b79-5a88-41a8-9b94-125a53f5430c,75,19383c3a-9fbc-426e-bb65-815cebb88f00,73699.92,1694.9999999999998,0.01,2000,0,0
70596b79-5a88-41a8-9b94-125a53f5430c,75,bf6ce8c9-85e7-4882-90a4-42cffa82f758,151.49,1769.9999999999998,0.01,2000,0,0
70596b79-5a88-41a8-9b94-125a53f5430c,75,73bf48bc-d2ec-466e-8090-4781a4edd986,104.38,321,50,500,1,0.02
70596b79-5a88-41a8-9b94-125a53f5430c,75,e44a6184-0b14-4fcb-a385-e9ed68fe17c4,99.45,320,50,500,14,0.28
70596b79-5a88-41a8-9b94-125a53f5430c,75,c314bd6c-7b2b-4ca2-9235-878f57e9da29,97.62,310,50,500,26,0.52
70596b79-5a88-41a8-9b94-125a53f5430c,75,740ddbc7-9ed8-4c96-8673-32f80cbae031,86.99,315,50,500,79,1.58
70596b79-5a88-41a8-9b94-125a53f5430c,75,f34b7321-b2bb-4f72-a843-bb3c79fc24aa,107.25,84,20,200,0,0
70596b79-5a88-41a8-9b94-125a53f5430c,75,b65e06a6-02ee-408d-9170-967436ca47f1,84.87,0,20,200,140,7.0
70596b79-5a88-41a8-9b94-125a53f5430c,76,19383c3a-9fbc-426e-bb65-815cebb88f00,67803.93,1695.0099999999998,0.01,2000,0,0
70596b79-5a88-41a8-9b94-125a53f5430c,76,bf6ce8c9-85e7-4882-90a4-42cffa82f758,139.37,1770.0099999999998,0.01,2000,0,0
70596b79-5a88-41a8-9b94-125a53f5430c,76,73bf48bc-d2ec-466e-8090-4781a4edd986,96.24,357,50,500,14,0.28
70596b79-5a88-41a8-9b94-125a53f5430c,76,e44a6184-0b14-4fcb-a385-e9ed68fe17c4,94.28,278,50,500,92,1.84
70596b79-5a88-41a8-9b94-125a53f5430c,76,c314bd6c-7b2b-4ca2-9235-878f57e9da29,94.89,331,50,500,29,0.58
70596b79-5a88-41a8-9b94-125a53f5430c,76,740ddbc7-9ed8-4c96-8673-32f80cbae031,93.78,219,50,500,146,2.92
70596b79-5a88-41a8-9b94-125a53f5430c,76,f34b7321-b2bb-4f72-a843-bb3c79fc24aa,98.67,100,20,200,4,0.2
70596b79-5a88-41a8-9b94-125a53f5430c,76,b65e06a6-02ee-408d-9170-967436ca47f1,137.49,20,20,200,0,0
70596b79-5a88-41a8-9b94-125a53f5430c,77,19383c3a-9fbc-426e-bb65-815cebb88f00,62379.62,1695.0199999999998,0.01,2000,0,0
70596b79-5a88-41a8-9b94-125a53f5430c,77,bf6ce8c9-85e7-4882-90a4-42cffa82f758,128.22,1770.0199999999998,0.01,2000,0,0
70596b79-5a88-41a8-9b94-125a53f5430c,77,73bf48bc-d2ec-466e-8090-4781a4edd986,91.24,259,50,500,148,2.96
70596b79-5a88-41a8-9b94-125a53f5430c,77,e44a6184-0b14-4fcb-a385-e9ed68fe17c4,104.09,318,50,500,10,0.2
70596b79-5a88-41a8-9b94-125a53f5430c,77,c314bd6c-7b2b-4ca2-9235-878f57e9da29,92.8,319,50,500,62,1.24
70596b79-5a88-41a8-9b94-125a53f5430c,77,740ddbc7-9ed8-4c96-8673-32f80cbae031,113.66,267,50,500,2,0.04
70596b79-5a88-41a8-9b94-125a53f5430c,77,f34b7321-b2bb-4f72-a843-bb3c79fc24aa,92.75,54,20,200,66,3.3
70596b79-5a88-41a8-9b94-125a53f5430c,77,b65e06a6-02ee-408d-9170-967436ca47f1,126.49,40,20,200,0,0
70596b79-5a88-41a8-9b94-125a53f5430c,78,19383c3a-9fbc-426e-bb65-815cebb88f00,57389.25,1695.0299999999997,0.01,2000,0,0
70596b79-5a88-41a8-9b94-125a53f5430c,78,bf6ce8c9-85e7-4882-90a4-42cffa82f758,117.96,1770.0299999999997,0.01,2000,0,0
70596b79-5a88-41a8-9b94-125a53f5430c,78,73bf48bc-d2ec-466e-8090-4781a4edd986,110.95,293,50,500,16,0.32
70596b79-5a88-41a8-9b94-125a53f5430c,78,e44a6184-0b14-4fcb-a385-e9ed68fe17c4,97.84,296,50,500,72,1.44
70596b79-5a88-41a8-9b94-125a53f5430c,78,c314bd6c-7b2b-4ca2-9235-878f57e9da29,96.88,235,50,500,134,2.68
70596b79-5a88-41a8-9b94-125a53f5430c,78,740ddbc7-9ed8-4c96-8673-32f80cbae031,105.02,281,50,500,36,0.72
70596b79-5a88-41a8-9b94-125a53f5430c,78,f34b7321-b2bb-4f72-a843-bb3c79fc24aa,115.94,74,20,200,0,0
70596b79-5a88-41a8-9b94-125a53f5430c,78,b65e06a6-02ee-408d-9170-967436ca47f1,116.37,60,20,200,0,0
70596b79-5a88-41a8-9b94-125a53f5430c,79,19383c3a-9fbc-426e-bb65-815cebb88f00,52798.11,1695.0399999999997,0.01,2000,0,0
70596b79-5a88-41a8-9b94-125a53f5430c,79,bf6ce8c9-85e7-4882-90a4-42cffa82f758,108.52,1770.0399999999997,0.01,2000,0,0
70596b79-5a88-41a8-9b94-125a53f5430c,79,73bf48bc-d2ec-466e-8090-4781a4edd986,105.62,310,50,500,33,0.66
70596b79-5a88-41a8-9b94-125a53f5430c,79,e44a6184-0b14-4fcb-a385-e9ed68fe17c4,104.1,214,50,500,132,2.64
70596b79-5a88-41a8-9b94-125a53f5430c,79,c314bd6c-7b2b-4ca2-9235-878f57e9da29,115.09,285,50,500,0,0
70596b79-5a88-41a8-9b94-125a53f5430c,79,740ddbc7-9ed8-4c96-8673-32f80cbae031,104.18,239,50,500,92,1.84
70596b79-5a88-41a8-9b94-125a53f5430c,79,f34b7321-b2bb-4f72-a843-bb3c79fc24aa,106.66,80,20,200,14,0.7
70596b79-5a88-41a8-9b94-125a53f5430c,79,b65e06a6-02ee-408d-9170-967436ca47f1,107.06,78,20,200,2,0.1
70596b79-5a88-41a8-9b94-125a53f5430c,80,19383c3a-9fbc-426e-bb65-815cebb88f00,48574.26,1695.0499999999997,0.01,2000,0,0
70596b79-5a88-41a8-9b94-125a53f5430c,80,bf6ce8c9-85e7-4882-90a4-42cffa82f758,99.84,1699.0499999999997,0.01,2000,71,7100.0
70596b79-5a88-41a8-9b94-125a53f5430c,80,73bf48bc-d2ec-466e-8090-4781a4edd986,104.14,320,50,500,40,0.8
70596b79-5a88-41a8-9b94-125a53f5430c,80,e44a6184-0b14-4fcb-a385-e9ed68fe17c4,123.25,264,50,500,0,0
70596b79-5a88-41a8-9b94-125a53f5430c,80,c314bd6c-7b2b-4ca2-9235-878f57e9da29,105.88,326,50,500,9,0.18
70596b79-5a88-41a8-9b94-125a53f5430c,80,740ddbc7-9ed8-4c96-8673-32f80cbae031,115.01,289,50,500,0,0
70596b79-5a88-41a8-9b94-125a53f5430c,80,f34b7321-b2bb-4f72-a843-bb3c79fc24aa,105.59,80,20,200,20,1.0
70596b79-5a88-41a8-9b94-125a53f5430c,80,b65e06a6-02ee-408d-9170-967436ca47f1,99.57,0,20,200,98,4.9
70596b79-5a88-41a8-9b94-125a53f5430c,81,19383c3a-9fbc-426e-bb65-815cebb88f00,44688.32,1695.0599999999997,0.01,2000,0,0
70596b79-5a88-41a8-9b94-125a53f5430c,81,bf6ce8c9-85e7-4882-90a4-42cffa82f758,70978.25,1699.0599999999997,0.01,2000,0,0
70596b79-5a88-41a8-9b94-125a53f5430c,81,73bf48bc-d2ec-466e-8090-4781a4edd986,104.14,293,50,500,77,1.54
70596b79-5a88-41a8-9b94-125a53f5430c,81,e44a6184-0b14-4fcb-a385-e9ed68fe17c4,113.39,306,50,500,8,0.16
70596b79-5a88-41a8-9b94-125a53f5430c,81,c314bd6c-7b2b-4ca2-9235-878f57e9da29,99.32,235,50,500,141,2.82
70596b79-5a88-41a8-9b94-125a53f5430c,81,740ddbc7-9ed8-4c96-8673-32f80cbae031,105.81,299,50,500,40,0.8
70596b79-5a88-41a8-9b94-125a53f5430c,81,f34b7321-b2bb-4f72-a843-bb3c79fc24aa,107.7,98,20,200,2,0.1
70596b79-5a88-41a8-9b94-125a53f5430c,81,b65e06a6-02ee-408d-9170-967436ca47f1,140.39,20,20,200,0,0
70596b79-5a88-41a8-9b94-125a53f5430c,82,19383c3a-9fbc-426e-bb65-815cebb88f00,41113.25,1695.0699999999997,0.01,2000,0,0
70596b79-5a88-41a8-9b94-125a53f5430c,82,bf6ce8c9-85e7-4882-90a4-42cffa82f758,65299.99,1699.0699999999997,0.01,2000,0,0
70596b79-5a88-41a8-9b94-125a53f5430c,82,73bf48bc-d2ec-466e-8090-4781a4edd986,111.85,325,50,500,18,0.36
70596b79-5a88-41a8-9b94-125a53f5430c,82,e44a6184-0b14-4fcb-a385-e9ed68fe17c4,106.13,336,50,500,20,0.4
70596b79-5a88-41a8-9b94-125a53f5430c,82,c314bd6c-7b2b-4ca2-9235-878f57e9da29,119.38,285,50,500,0,0
70596b79-5a88-41a8-9b94-125a53f5430c,82,740ddbc7-9ed8-4c96-8673-32f80cbae031,105.81,245,50,500,104,2.08
70596b79-5a88-41a8-9b94-125a53f5430c,82,f34b7321-b2bb-4f72-a843-bb3c79fc24aa,100.16,0,20,200,118,5.9
70596b79-5a88-41a8-9b94-125a53f5430c,82,b65e06a6-02ee-408d-9170-967436ca47f1,129.16,40,20,200,0,0
70596b79-5a88-41a8-9b94-125a53f5430c,83,19383c3a-9fbc-426e-bb65-815cebb88f00,37824.19,1695.0799999999997,0.01,2000,0,0
70596b79-5a88-41a8-9b94-125a53f5430c,83,bf6ce8c9-85e7-4882-90a4-42cffa82f758,60075.99,1699.0799999999997,0.01,2000,0,0
70596b79-5a88-41a8-9b94-125a53f5430c,83,73bf48bc-d2ec-466e-8090-4781a4edd986,106.93,321,50,500,54,1.08
70596b79-5a88-41a8-9b94-125a53f5430c,83,e44a6184-0b14-4fcb-a385-e9ed68fe17c4,101.88,242,50,500,144,2.88
70596b79-5a88-41a8-9b94-125a53f5430c,83,c314bd6c-7b2b-4ca2-9235-878f57e9da29,109.83,314,50,500,21,0.42
70596b79-5a88-41a8-9b94-125a53f5430c,83,740ddbc7-9ed8-4c96-8673-32f80cbae031,119.35,295,50,500,0,0
70596b79-5a88-41a8-9b94-125a53f5430c,83,f34b7321-b2bb-4f72-a843-bb3c79fc24aa,151.24,20,20,200,0,0
70596b79-5a88-41a8-9b94-125a53f5430c,83,b65e06a6-02ee-408d-9170-967436ca47f1,118.83,43,20,200,17,0.85
70596b79-5a88-41a8-9b94-125a53f5430c,84,19383c3a-9fbc-426e-bb65-815cebb88f00,34798.25,1695.0899999999997,0.01,2000,0,0
70596b79-5a88-41a8-9b94-125a53f5430c,84,bf6ce8c9-85e7-4882-90a4-42cffa82f758,55269.91,1699.0899999999997,0.01,2000,0,0
70596b79-5a88-41a8-9b94-125a53f5430c,84,73bf48bc-d2ec-466e-8090-4781a4edd986,109.92,331,50,500,40,0.8
70596b79-5a88-41a8-9b94-125a53f5430c,84,e44a6184-0b14-4fcb-a385-e9ed68fe17c4,123.07,289,50,500,3,0.06
70596b79-5a88-41a8-9b94-125a53f5430c,84,c314bd6c-7b2b-4ca2-9235-878f57e9da29,105.66,232,50,500,132,2.64
70596b79-5a88-41a8-9b94-125a53f5430c,84,740ddbc7-9ed8-4c96-8673-32f80cbae031,109.8,269,50,500,76,1.52
70596b79-5a88-41a8-9b94-125a53f5430c,84,f34b7321-b2bb-4f72-a843-bb3c79fc24aa,139.14,40,20,200,0,0
70596b79-5a88-41a8-9b94-125a53f5430c,84,b65e06a6-02ee-408d-9170-967436ca47f1,119.42,48,20,200,15,0.75
70596b79-5a88-41a8-9b94-125a53f5430c,85,19383c3a-9fbc-426e-bb65-815cebb88f00,32014.39,1695.0999999999997,0.01,2000,0,0
70596b79-5a88-41a8-9b94-125a53f5430c,85,bf6ce8c9-85e7-4882-90a4-42cffa82f758,50848.32,1699.0999999999997,0.01,2000,0,0
70596b79-5a88-41a8-9b94-125a53f5430c,85,73bf48bc-d2ec-466e-8090-4781a4edd986,109.92,268,50,500,113,2.26
70596b79-5a88-41a8-9b94-125a53f5430c,85,e44a6184-0b14-4fcb-a385-e9ed68fe17c4,113.96,240,50,500,99,1.98
70596b79-5a88-41a8-9b94-125a53f5430c,85,c314bd6c-7b2b-4ca2-9235-878f57e9da29,125.1,282,50,500,0,0
70596b79-5a88-41a8-9b94-125a53f5430c,85,740ddbc7-9ed8-4c96-8673-32f80cbae031,117.71,291,50,500,28,0.56
70596b79-5a88-41a8-9b94-125a53f5430c,85,f34b7321-b2bb-4f72-a843-bb3c79fc24aa,128.01,60,20,200,0,0
70596b79-5a88-41a8-9b94-125a53f5430c,85,b65e06a6-02ee-408d-9170-967436ca47f1,118.82,55,20,200,13,0.65
70596b79-5a88-41a8-9b94-125a53f5430c,86,19383c3a-9fbc-426e-bb65-815cebb88f00,29453.24,1695.1099999999997,0.01,2000,0,0
70596b79-5a88-41a8-9b94-125a53f5430c,86,bf6ce8c9-85e7-4882-90a4-42cffa82f758,46780.45,1699.1099999999997,0.01,2000,0,0
70596b79-5a88-41a8-9b94-125a53f5430c,86,73bf48bc-d2ec-466e-8090-4781a4edd986,125.97,318,50,500,0,0
70596b79-5a88-41a8-9b94-125a53f5430c,86,e44a6184-0b14-4fcb-a385-e9ed68fe17c4,127.41,290,50,500,0,0
70596b79-5a88-41a8-9b94-125a53f5430c,86,c314bd6c-7b2b-4ca2-9235-878f57e9da29,115.09,233,50,500,99,1.98
70596b79-5a88-41a8-9b94-125a53f5430c,86,740ddbc7-9ed8-4c96-8673-32f80cbae031,114.88,229,50,500,112,2.24
70596b79-5a88-41a8-9b94-125a53f5430c,86,f34b7321-b2bb-4f72-a843-bb3c79fc24aa,117.77,71,20,200,9,0.45
70596b79-5a88-41a8-9b94-125a53f5430c,86,b65e06a6-02ee-408d-9170-967436ca47f1,117.04,46,20,200,29,1.45
70596b79-5a88-41a8-9b94-125a53f5430c,87,19383c3a-9fbc-426e-bb65-815cebb88f00,27096.98,1695.1199999999997,0.01,2000,0,0
70596b79-5a88-41a8-9b94-125a53f5430c,87,bf6ce8c9-85e7-4882-90a4-42cffa82f758,43038.01,1699.1199999999997,0.01,2000,0,0
70596b79-5a88-41a8-9b94-125a53f5430c,87,73bf48bc-d2ec-466e-8090-4781a4edd986,115.89,307,50,500,61,1.22
70596b79-5a88-41a8-9b94-125a53f5430c,87,e44a6184-0b14-4fcb-a385-e9ed68fe17c4,117.22,329,50,500,11,0.22
70596b79-5a88-41a8-9b94-125a53f5430c,87,c314bd6c-7b2b-4ca2-9235-878f57e9da29,128.67,283,50,500,0,0
70596b79-5a88-41a8-9b94-125a53f5430c,87,740ddbc7-9ed8-4c96-8673-32f80cbae031,131.42,279,50,500,0,0
70596b79-5a88-41a8-9b94-125a53f5430c,87,f34b7321-b2bb-4f72-a843-bb3c79fc24aa,113.65,0,20,200,91,4.55
70596b79-5a88-41a8-9b94-125a53f5430c,87,b65e06a6-02ee-408d-9170-967436ca47f1,124.65,48,20,200,18,0.9
70596b79-5a88-41a8-9b94-125a53f5430c,88,19383c3a-9fbc-426e-bb65-815cebb88f00,24929.22,1695.1299999999997,0.01,2000,0,0
70596b79-5a88-41a8-9b94-125a53f5430c,88,bf6ce8c9-85e7-4882-90a4-42cffa82f758,39594.97,1699.1299999999997,0.01,2000,0,0
70596b79-5a88-41a8-9b94-125a53f5430c,88,73bf48bc-d2ec-466e-8090-4781a4edd986,120.76,330,50,500,27,0.54
70596b79-5a88-41a8-9b94-125a53f5430c,88,e44a6184-0b14-4fcb-a385-e9ed68fe17c4,110.42,251,50,500,128,2.56
70596b79-5a88-41a8-9b94-125a53f5430c,88,c314bd6c-7b2b-4ca2-9235-878f57e9da29,118.38,265,50,500,68,1.36
70596b79-5a88-41a8-9b94-125a53f5430c,88,740ddbc7-9ed8-4c96-8673-32f80cbae031,120.91,309,50,500,20,0.4
70596b79-5a88-41a8-9b94-125a53f5430c,88,f34b7321-b2bb-4f72-a843-bb3c79fc24aa,156.27,20,20,200,0,0
70596b79-5a88-41a8-9b94-125a53f5430c,88,b65e06a6-02ee-408d-9170-967436ca47f1,125.9,65,20,200,3,0.15
70596b79-5a88-41a8-9b94-125a53f5430c,89,19383c3a-9fbc-426e-bb65-815cebb88f00,22934.88,1695.1399999999996,0.01,2000,0,0
70596b79-5a88-41a8-9b94-125a53f5430c,89,bf6ce8c9-85e7-4882-90a4-42cffa82f758,36427.37,1699.1399999999996,0.01,2000,0,0
70596b79-5a88-41a8-9b94-125a53f5430c,89,73bf48bc-d2ec-466e-8090-4781a4edd986,117.62,327,50,500,53,1.06
70596b79-5a88-41a8-9b94-125a53f5430c,89,e44a6184-0b14-4fcb-a385-e9ed68fe17c4,129.85,301,50,500,0,0
70596b79-5a88-41a8-9b94-125a53f5430c,89,c314bd6c-7b2b-4ca2-9235-878f57e9da29,125.01,313,50,500,2,0.04
70596b79-5a88-41a8-9b94-125a53f5430c,89,740ddbc7-9ed8-4c96-8673-32f80cbae031,116.07,251,50,500,108,2.16
70596b79-5a88-41a8-9b94-125a53f5430c,89,f34b7321-b2bb-4f72-a843-bb3c79fc24aa,143.77,40,20,200,0,0
70596b79-5a88-41a8-9b94-125a53f5430c,89,b65e06a6-02ee-408d-9170-967436ca47f1,117.72,49,20,200,36,1.8
70596b79-5a88-41a8-9b94-125a53f5430c,90,19383c3a-9fbc-426e-bb65-815cebb88f00,21100.09,1695.1499999999996,0.01,2000,0,0
70596b79-5a88-41a8-9b94-125a53f5430c,90,bf6ce8c9-85e7-4882-90a4-42cffa82f758,33513.18,1699.1499999999996,0.01,2000,0,0
70596b79-5a88-41a8-9b94-125a53f5430c,90,73bf48bc-d2ec-466e-8090-4781a4edd986,120.68,350,50,500,27,0.54
70596b79-5a88-41a8-9b94-125a53f5430c,90,e44a6184-0b14-4fcb-a385-e9ed68fe17c4,119.46,307,50,500,44,0.88
70596b79-5a88-41a8-9b94-125a53f5430c,90,c314bd6c-7b2b-4ca2-9235-878f57e9da29,115.51,251,50,500,112,2.24
70596b79-5a88-41a8-9b94-125a53f5430c,90,740ddbc7-9ed8-4c96-8673-32f80cbae031,131.86,301,50,500,0,0
70596b79-5a88-41a8-9b94-125a53f5430c,90,f34b7321-b2bb-4f72-a843-bb3c79fc24aa,132.27,60,20,200,0,0
70596b79-5a88-41a8-9b94-125a53f5430c,90,b65e06a6-02ee-408d-9170-967436ca47f1,129.49,55,20,200,14,0.7
70596b79-5a88-41a8-9b94-125a53f5430c,91,19383c3a-9fbc-426e-bb65-815cebb88f00,19412.08,1695.1599999999996,0.01,2000,0,0
70596b79-5a88-41a8-9b94-125a53f5430c,91,bf6ce8c9-85e7-4882-90a4-42cffa82f758,30832.13,1699.1599999999996,0.01,2000,0,0
70596b79-5a88-41a8-9b94-125a53f5430c,91,73bf48bc-d2ec-466e-8090-4781a4edd986,117.54,287,50,500,113,2.26
70596b79-5a88-41a8-9b94-125a53f5430c,91,e44a6184-0b14-4fcb-a385-e9ed68fe17c4,120.42,304,50,500,53,1.06
70596b79-5a88-41a8-9b94-125a53f5430c,91,c314bd6c-7b2b-4ca2-9235-878f57e9da29,132.14,301,50,500,0,0
70596b79-5a88-41a8-9b94-125a53f5430c,91,740ddbc7-9ed8-4c96-8673-32f80cbae031,121.31,330,50,500,21,0.42
70596b79-5a88-41a8-9b94-125a53f5430c,91,f34b7321-b2bb-4f72-a843-bb3c79fc24aa,121.69,76,20,200,4,0.2
70596b79-5a88-41a8-9b94-125a53f5430c,91,b65e06a6-02ee-408d-9170-967436ca47f1,128.2,74,20,200,1,0.05
70596b79-5a88-41a8-9b94-125a53f5430c,92,19383c3a-9fbc-426e-bb65-815cebb88f00,17859.11,1695.1699999999996,0.01,2000,0,0
70596b79-5a88-41a8-9b94-125a53f5430c,92,bf6ce8c9-85e7-4882-90a4-42cffa82f758,28365.56,1699.1699999999996,0.01,2000,0,0
70596b79-5a88-41a8-9b94-125a53f5430c,92,73bf48bc-d2ec-466e-8090-4781a4edd986,134.7,337,50,500,0,0
70596b79-5a88-41a8-9b94-125a53f5430c,92,e44a6184-0b14-4fcb-a385-e9ed68fe17c4,123.55,354,50,500,0,0
70596b79-5a88-41a8-9b94-125a53f5430c,92,c314bd6c-7b2b-4ca2-9235-878f57e9da29,121.57,338,50,500,13,0.26
70596b79-5a88-41a8-9b94-125a53f5430c,92,740ddbc7-9ed8-4c96-8673-32f80cbae031,116.7,319,50,500,61,1.22
70596b79-5a88-41a8-9b94-125a53f5430c,92,f34b7321-b2bb-4f72-a843-bb3c79fc24aa,114.39,0,20,200,96,4.8
70596b79-5a88-41a8-9b94-125a53f5430c,92,b65e06a6-02ee-408d-9170-967436ca47f1,118.58,56,20,200,38,1.9
70596b79-5a88-41a8-9b94-125a53f5430c,93,19383c3a-9fbc-426e-bb65-815cebb88f00,16430.38,1695.1799999999996,0.01,2000,0,0
70596b79-5a88-41a8-9b94-125a53f5430c,93,bf6ce8c9-85e7-4882-90a4-42cffa82f758,26096.32,1699.1799999999996,0.01,2000,0,0
70596b79-5a88-41a8-9b94-125a53f5430c,93,73bf48bc-d2ec-466e-8090-4781a4edd986,123.92,383,50,500,4,0.08
70596b79-5a88-41a8-9b94-125a53f5430c,93,e44a6184-0b14-4fcb-a385-e9ed68fe17c4,113.67,260,50,500,144,2.88
70596b79-5a88-41a8-9b94-125a53f5430c,93,c314bd6c-7b2b-4ca2-9235-878f57e9da29,115.01,326,50,500,62,1.24
70596b79-5a88-41a8-9b94-125a53f5430c,93,740ddbc7-9ed8-4c96-8673-32f80cbae031,121.6,335,50,500,34,0.68
70596b79-5a88-41a8-9b94-125a53f5430c,93,f34b7321-b2bb-4f72-a843-bb3c79fc24aa,160.15,20,20,200,0,0
70596b79-5a88-41a8-9b94-125a53f5430c,93,b65e06a6-02ee-408d-9170-967436ca47f1,131.62,76,20,200,0,0
70596b79-5a88-41a8-9b94-125a53f5430c,94,19383c3a-9fbc-426e-bb65-815cebb88f00,15115.95,1695.1899999999996,0.01,2000,0,0
70596b79-5a88-41a8-9b94-125a53f5430c,94,bf6ce8c9-85e7-4882-90a4-42cffa82f758,24008.61,1699.1899999999996,0.01,2000,0,0
70596b79-5a88-41a8-9b94-125a53f5430c,94,73bf48bc-d2ec-466e-8090-4781a4edd986,115.0,314,50,500,119,2.38
70596b79-5a88-41a8-9b94-125a53f5430c,94,e44a6184-0b14-4fcb-a385-e9ed68fe17c4,137.31,307,50,500,3,0.06
70596b79-5a88-41a8-9b94-125a53f5430c,94,c314bd6c-7b2b-4ca2-9235-878f57e9da29,120.07,325,50,500,51,1.02
70596b79-5a88-41a8-9b94-125a53f5430c,94,740ddbc7-9ed8-4c96-8673-32f80cbae031,120.14,372,50,500,13,0.26
70596b79-5a88-41a8-9b94-125a53f5430c,94,f34b7321-b2bb-4f72-a843-bb3c79fc24aa,147.34,40,20,200,0,0
70596b79-5a88-41a8-9b94-125a53f5430c,94,b65e06a6-02ee-408d-9170-967436ca47f1,121.09,80,20,200,16,0.8
70596b79-5a88-41a8-9b94-125a53f5430c,95,19383c3a-9fbc-426e-bb65-815cebb88f00,13906.67,1695.1999999999996,0.01,2000,0,0
70596b79-5a88-41a8-9b94-125a53f5430c,95,bf6ce8c9-85e7-4882-90a4-42cffa82f758,22087.92,1699.1999999999996,0.01,2000,0,0
70596b79-5a88-41a8-9b94-125a53f5430c,95,73bf48bc-d2ec-466e-8090-4781a4edd986,133.17,364,50,500,0,0
70596b79-5a88-41a8-9b94-125a53f5430c,95,e44a6184-0b14-4fcb-a385-e9ed68fe17c4,127.15,345,50,500,12,0.24
70596b79-5a88-41a8-9b94-125a53f5430c,95,c314bd6c-7b2b-4ca2-9235-878f57e9da29,122.71,353,50,500,22,0.44
70596b79-5a88-41a8-9b94-125a53f5430c,95,740ddbc7-9ed8-4c96-8673-32f80cbae031,113.65,310,50,500,112,2.24
70596b79-5a88-41a8-9b94-125a53f5430c,95,f34b7321-b2bb-4f72-a843-bb3c79fc24aa,135.55,60,20,200,0,0
70596b79-5a88-41a8-9b94-125a53f5430c,95,b65e06a6-02ee-408d-9170-967436ca47f1,121.09,33,20,200,67,3.35
70596b79-5a88-41a8-9b94-125a53f5430c,96,19383c3a-9fbc-426e-bb65-815cebb88f00,12794.14,1695.2099999999996,0.01,2000,0,0
70596b79-5a88-41a8-9b94-125a53f5430c,96,bf6ce8c9-85e7-4882-90a4-42cffa82f758,20320.89,1699.2099999999996,0.01,2000,0,0
70596b79-5a88-41a8-9b94-125a53f5430c,96,73bf48bc-d2ec-466e-8090-4781a4edd986,122.52,391,50,500,23,0.46
70596b79-5a88-41a8-9b94-125a53f5430c,96,e44a6184-0b14-4fcb-a385-e9ed68fe17c4,120.03,362,50,500,33,0.66
70596b79-5a88-41a8-9b94-125a53f5430c,96,c314bd6c-7b2b-4ca2-9235-878f57e9da29,118.29,279,50,500,124,2.48
70596b79-5a88-41a8-9b94-125a53f5430c,96,740ddbc7-9ed8-4c96-8673-32f80cbae031,130.02,360,50,500,0,0
70596b79-5a88-41a8-9b94-125a53f5430c,96,f34b7321-b2bb-4f72-a843-bb3c79fc24aa,124.71,75,20,200,5,0.25
70596b79-5a88-41a8-9b94-125a53f5430c,96,b65e06a6-02ee-408d-9170-967436ca47f1,151.97,53,20,200,0,0
70596b79-5a88-41a8-9b94-125a53f5430c,97,19383c3a-9fbc-426e-bb65-815cebb88f00,11770.61,1695.2199999999996,0.01,2000,0,0
70596b79-5a88-41a8-9b94-125a53f5430c,97,bf6ce8c9-85e7-4882-90a4-42cffa82f758,18695.22,1699.2199999999996,0.01,2000,0,0
70596b79-5a88-41a8-9b94-125a53f5430c,97,73bf48bc-d2ec-466e-8090-4781a4edd986,118.35,386,50,500,55,1.1
70596b79-5a88-41a8-9b94-125a53f5430c,97,e44a6184-0b14-4fcb-a385-e9ed68fe17c4,118.35,370,50,500,42,0.84
70596b79-5a88-41a8-9b94-125a53f5430c,97,c314bd6c-7b2b-4ca2-9235-878f57e9da29,138.16,329,50,500,0,0
70596b79-5a88-41a8-9b94-125a53f5430c,97,740ddbc7-9ed8-4c96-8673-32f80cbae031,119.62,403,50,500,7,0.14
70596b79-5a88-41a8-9b94-125a53f5430c,97,f34b7321-b2bb-4f72-a843-bb3c79fc24aa,117.85,20,20,200,75,3.75
70596b79-5a88-41a8-9b94-125a53f5430c,97,b65e06a6-02ee-408d-9170-967436ca47f1,139.81,73,20,200,0,0
70596b79-5a88-41a8-9b94-125a53f5430c,98,19383c3a-9fbc-426e-bb65-815cebb88f00,10828.96,1695.2299999999996,0.01,2000,0,0
70596b79-5a88-41a8-9b94-125a53f5430c,98,bf6ce8c9-85e7-4882-90a4-42cffa82f758,17199.6,1699.2299999999996,0.01,2000,0,0
70596b79-5a88-41a8-9b94-125a53f5430c,98,73bf48bc-d2ec-466e-8090-4781a4edd986,121.9,399,50,500,37,0.74
70596b79-5a88-41a8-9b94-125a53f5430c,98,e44a6184-0b14-4fcb-a385-e9ed68fe17c4,118.82,317,50,500,103,2.06
70596b79-5a88-41a8-9b94-125a53f5430c,98,c314bd6c-7b2b-4ca2-9235-878f57e9da29,127.11,376,50,500,3,0.06
70596b79-5a88-41a8-9b94-125a53f5430c,98,740ddbc7-9ed8-4c96-8673-32f80cbae031,111.73,342,50,500,111,2.22
70596b79-5a88-41a8-9b94-125a53f5430c,98,f34b7321-b2bb-4f72-a843-bb3c79fc24aa,152.62,40,20,200,0,0
70596b79-5a88-41a8-9b94-125a53f5430c,98,b65e06a6-02ee-408d-9170-967436ca47f1,128.63,93,20,200,0,0
70596b79-5a88-41a8-9b94-125a53f5430c,99,19383c3a-9fbc-426e-bb65-815cebb88f00,9962.64,1695.2399999999996,0.01,2000,0,0
70596b79-5a88-41a8-9b94-125a53f5430c,99,bf6ce8c9-85e7-4882-90a4-42cffa82f758,15823.63,1699.2399999999996,0.01,2000,0,0
70596b79-5a88-41a8-9b94-125a53f5430c,99,73bf48bc-d2ec-466e-8090-4781a4edd986,121.17,436,50,500,13,0.26
70596b79-5a88-41a8-9b94-125a53f5430c,99,e44a6184-0b14-4fcb-a385-e9ed68fe17c4,133.79,353,50,500,14,0.28
70596b79-5a88-41a8-9b94-125a53f5430c,99,c314bd6c-7b2b-4ca2-9235-878f57e9da29,117.7,327,50,500,99,1.98
70596b79-5a88-41a8-9b94-125a53f5430c,99,740ddbc7-9ed8-4c96-8673-32f80cbae031,127.6,384,50,500,8,0.16
70596b79-5a88-41a8-9b94-125a53f5430c,99,f34b7321-b2bb-4f72-a843-bb3c79fc24aa,140.41,60,20,200,0,0
70596b79-5a88-41a8-9b94-125a53f5430c,99,b65e06a6-02ee-408d-9170-967436ca47f1,118.34,51,20,200,62,3.1
70596b79-5a88-41a8-9b94-125a53f5430c,100,19383c3a-9fbc-426e-bb65-815cebb88f00,9165.63,1695.2499999999995,0.01,2000,0,0
70596b79-5a88-41a8-9b94-125a53f5430c,100,bf6ce8c9-85e7-4882-90a4-42cffa82f758,14557.74,1699.2499999999995,0.01,2000,0,0
70596b79-5a88-41a8-9b94-125a53f5430c,100,73bf48bc-d2ec-466e-8090-4781a4edd986,114.63,408,50,500,78,1.56
70596b79-5a88-41a8-9b94-125a53f5430c,100,e44a6184-0b14-4fcb-a385-e9ed68fe17c4,126.83,385,50,500,18,0.36
70596b79-5a88-41a8-9b94-125a53f5430c,100,c314bd6c-7b2b-4ca2-9235-878f57e9da29,131.59,371,50,500,6,0.12
70596b79-5a88-41a8-9b94-125a53f5430c,100,740ddbc7-9ed8-4c96-8673-32f80cbae031,119.43,371,50,500,63,1.26
70596b79-5a88-41a8-9b94-125a53f5430c,100,f34b7321-b2bb-4f72-a843-bb3c79fc24aa,129.18,76,20,200,4,0.2
70596b79-5a88-41a8-9b94-125a53f5430c,100,b65e06a6-02ee-408d-9170-967436ca47f1,145.56,71,20,200,0,0
70596b79-5a88-41a8-9b94-125a53f5430c,101,19383c3a-9fbc-426e-bb65-815cebb88f00,8432.38,1695.2599999999995,0.01,2000,0,0
70596b79-5a88-41a8-9b94-125a53f5430c,101,bf6ce8c9-85e7-4882-90a4-42cffa82f758,13393.12,1699.2599999999995,0.01,2000,0,0
70596b79-5a88-41a8-9b94-125a53f5430c,101,73bf48bc-d2ec-466e-8090-4781a4edd986,123.34,451,50,500,7,0.14
70596b79-5a88-41a8-9b94-125a53f5430c,101,e44a6184-0b14-4fcb-a385-e9ed68fe17c4,121.25,337,50,500,98,1.96
70596b79-5a88-41a8-9b94-125a53f5430c,101,c314bd6c-7b2b-4ca2-9235-878f57e9da29,122.64,382,50,500,39,0.78
70596b79-5a88-41a8-9b94-125a53f5430c,101,740ddbc7-9ed8-4c96-8673-32f80cbae031,124.92,414,50,500,7,0.14
70596b79-5a88-41a8-9b94-125a53f5430c,101,f34b7321-b2bb-4f72-a843-bb3c79fc24aa,121.43,54,20,200,42,2.1
70596b79-5a88-41a8-9b94-125a53f5430c,101,b65e06a6-02ee-408d-9170-967436ca47f1,133.92,91,20,200,0,0
70596b79-5a88-41a8-9b94-125a53f5430c,102,19383c3a-9fbc-426e-bb65-815cebb88f00,7757.79,1695.2699999999995,0.01,2000,0,0
70596b79-5a88-41a8-9b94-125a53f5430c,102,bf6ce8c9-85e7-4882-90a4-42cffa82f758,12321.67,1699.2699999999995,0.01,2000,0,0
70596b79-5a88-41a8-9b94-125a53f5430c,102,73bf48bc-d2ec-466e-8090-4781a4edd986,115.2,409,50,500,91,1.82
70596b79-5a88-41a8-9b94-125a53f5430c,102,e44a6184-0b14-4fcb-a385-e9ed68fe17c4,135.32,386,50,500,1,0.02
70596b79-5a88-41a8-9b94-125a53f5430c,102,c314bd6c-7b2b-4ca2-9235-878f57e9da29,122.39,416,50,500,16,0.32
70596b79-5a88-41a8-9b94-125a53f5430c,102,740ddbc7-9ed8-4c96-8673-32f80cbae031,116.68,391,50,500,73,1.46
70596b79-5a88-41a8-9b94-125a53f5430c,102,f34b7321-b2bb-4f72-a843-bb3c79fc24aa,137.22,74,20,200,0,0
70596b79-5a88-41a8-9b94-125a53f5430c,102,b65e06a6-02ee-408d-9170-967436ca47f1,123.21,105,20,200,6,0.3
70596b79-5a88-41a8-9b94-125a53f5430c,103,19383c3a-9fbc-426e-bb65-815cebb88f00,7137.17,1695.2799999999995,0.01,2000,0,0
70596b79-5a88-41a8-9b94-125a53f5430c,103,bf6ce8c9-85e7-4882-90a4-42cffa82f758,11335.94,1699.2799999999995,0.01,2000,0,0
70596b79-5a88-41a8-9b94-125a53f5430c,103,73bf48bc-d2ec-466e-8090-4781a4edd986,126.95,459,50,500,0,0
70596b79-5a88-41a8-9b94-125a53f5430c,103,e44a6184-0b14-4fcb-a385-e9ed68fe17c4,124.77,422,50,500,14,0.28
70596b79-5a88-41a8-9b94-125a53f5430c,103,c314bd6c-7b2b-4ca2-9235-878f57e9da29,116.52,356,50,500,110,2.2
70596b79-5a88-41a8-9b94-125a53f5430c,103,740ddbc7-9ed8-4c96-8673-32f80cbae031,124.38,414,50,500,27,0.54
70596b79-5a88-41a8-9b94-125a53f5430c,103,f34b7321-b2bb-4f72-a843-bb3c79fc24aa,126.24,94,20,200,0,0
70596b79-5a88-41a8-9b94-125a53f5430c,103,b65e06a6-02ee-408d-9170-967436ca47f1,117.05,73,20,200,52,2.6
70596b79-5a88-41a8-9b94-125a53f5430c,104,19383c3a-9fbc-426e-bb65-815cebb88f00,6566.2,1695.2899999999995,0.01,2000,0,0
70596b79-5a88-41a8-9b94-125a53f5430c,104,bf6ce8c9-85e7-4882-90a4-42cffa82f758,10429.06,1699.2899999999995,0.01,2000,0,0
70596b79-5a88-41a8-9b94-125a53f5430c,104,73bf48bc-d2ec-466e-8090-4781a4edd986,116.79,448,50,500,52,1.04
70596b79-5a88-41a8-9b94-125a53f5430c,104,e44a6184-0b14-4fcb-a385-e9ed68fe17c4,118.28,438,50,500,34,0.68
70596b79-5a88-41a8-9b94-125a53f5430c,104,c314bd6c-7b2b-4ca2-9235-878f57e9da29,132.83,406,50,500,0,0
70596b79-5a88-41a8-9b94-125a53f5430c,104,740ddbc7-9ed8-4c96-8673-32f80cbae031,121.15,445,50,500,19,0.38
70596b79-5a88-41a8-9b94-125a53f5430c,104,f34b7321-b2bb-4f72-a843-bb3c79fc24aa,116.14,21,20,200,93,4.65
70596b79-5a88-41a8-9b94-125a53f5430c,104,b65e06a6-02ee-408d-9170-967436ca47f1,138.12,93,20,200,0,0
70596b79-5a88-41a8-9b94-125a53f5430c,105,19383c3a-9fbc-426e-bb65-815cebb88f00,6040.9,1695.2999999999995,0.01,2000,0,0
70596b79-5a88-41a8-9b94-125a53f5430c,105,bf6ce8c9-85e7-4882-90a4-42cffa82f758,9594.74,1699.2999999999995,0.01,2000,0,0
70596b79-5a88-41a8-9b94-125a53f5430c,105,73bf48bc-d2ec-466e-8090-4781a4edd986,119.59,466,50,500,32,0.64
70596b79-5a88-41a8-9b94-125a53f5430c,105,e44a6184-0b14-4fcb-a385-e9ed68fe17c4,116.86,416,50,500,72,1.44
70596b79-5a88-41a8-9b94-125a53f5430c,105,c314bd6c-7b2b-4ca2-9235-878f57e9da29,122.2,450,50,500,6,0.12
70596b79-5a88-41a8-9b94-125a53f5430c,105,740ddbc7-9ed8-4c96-8673-32f80cbae031,116.06,373,50,500,122,2.44
70596b79-5a88-41a8-9b94-125a53f5430c,105,f34b7321-b2bb-4f72-a843-bb3c79fc24aa,160.85,41,20,200,0,0
70596b79-5a88-41a8-9b94-125a53f5430c,105,b65e06a6-02ee-408d-9170-967436ca47f1,127.07,113,20,200,0,0
70596b79-5a88-41a8-9b94-125a53f5430c,106,19383c3a-9fbc-426e-bb65-815cebb88f00,5557.63,1695.3099999999995,0.01,2000,0,0
70596b79-5a88-41a8-9b94-125a53f5430c,106,bf6ce8c9-85e7-4882-90a4-42cffa82f758,8827.16,1699.3099999999995,0.01,2000,0,0
70596b79-5a88-41a8-9b94-125a53f5430c,106,73bf48bc-d2ec-466e-8090-4781a4edd986,117.68,457,50,500,43,0.86
70596b79-5a88-41a8-9b94-125a53f5430c,106,e44a6184-0b14-4fcb-a385-e9ed68fe17c4,124.34,460,50,500,6,0.12
70596b79-5a88-41a8-9b94-125a53f5430c,106,c314bd6c-7b2b-4ca2-9235-878f57e9da29,113.89,386,50,500,114,2.28
70596b79-5a88-41a8-9b94-125a53f5430c,106,740ddbc7-9ed8-4c96-8673-32f80cbae031,135.09,423,50,500,0,0
70596b79-5a88-41a8-9b94-125a53f5430c,106,f34b7321-b2bb-4f72-a843-bb3c79fc24aa,147.98,61,20,200,0,0
70596b79-5a88-41a8-9b94-125a53f5430c,106,b65e06a6-02ee-408d-9170-967436ca47f1,116.9,73,20,200,60,3.0
70596b79-5a88-41a8-9b94-125a53f5430c,107,19383c3a-9fbc-426e-bb65-815cebb88f00,5113.02,1695.3199999999995,0.01,2000,0,0
70596b79-5a88-41a8-9b94-125a53f5430c,107,bf6ce8c9-85e7-4882-90a4-42cffa82f758,8120.99,1699.3199999999995,0.01,2000,0,0
70596b79-5a88-41a8-9b94-125a53f5430c,107,73bf48bc-d2ec-466e-8090-4781a4edd986,118.39,436,50,500,64,1.28
70596b79-5a88-41a8-9b94-125a53f5430c,107,e44a6184-0b14-4fcb-a385-e9ed68fe17c4,115.88,391,50,500,109,2.18
70596b79-5a88-41a8-9b94-125a53f5430c,107,c314bd6c-7b2b-4ca2-9235-878f57e9da29,130.75,421,50,500,15,0.3
70596b79-5a88-41a8-9b94-125a53f5430c,107,740ddbc7-9ed8-4c96-8673-32f80cbae031,124.28,460,50,500,13,0.26
70596b79-5a88-41a8-9b94-125a53f5430c,107,f34b7321-b2bb-4f72-a843-bb3c79fc24aa,136.14,81,20,200,0,0
70596b79-5a88-41a8-9b94-125a53f5430c,107,b65e06a6-02ee-408d-9170-967436ca47f1,142.62,93,20,200,0,0
70596b79-5a88-41a8-9b94-125a53f5430c,108,19383c3a-9fbc-426e-bb65-815cebb88f00,4703.98,1695.3299999999995,0.01,2000,0,0
70596b79-5a88-41a8-9b94-125a53f5430c,108,bf6ce8c9-85e7-4882-90a4-42cffa82f758,7471.31,1699.3299999999995,0.01,2000,0,0
70596b79-5a88-41a8-9b94-125a53f5430c,108,73bf48bc-d2ec-466e-8090-4781a4edd986,124.07,441,50,500,45,0.9
70596b79-5a88-41a8-9b94-125a53f5430c,108,e44a6184-0b14-4fcb-a385-e9ed68fe17c4,131.87,441,50,500,0,0
70596b79-5a88-41a8-9b94-125a53f5430c,108,c314bd6c-7b2b-4ca2-9235-878f57e9da29,124.21,444,50,500,27,0.54
70596b79-5a88-41a8-9b94-125a53f5430c,108,740ddbc7-9ed8-4c96-8673-32f80cbae031,117.57,365,50,500,135,2.7
70596b79-5a88-41a8-9b94-125a53f5430c,108,f34b7321-b2bb-4f72-a843-bb3c79fc24aa,125.25,97,20,200,4,0.2
70596b79-5a88-41a8-9b94-125a53f5430c,108,b65e06a6-02ee-408d-9170-967436ca47f1,131.21,113,20,200,0,0
70596b79-5a88-41a8-9b94-125a53f5430c,109,19383c3a-9fbc-426e-bb65-815cebb88f00,4327.66,1695.3399999999995,0.01,2000,0,0
70596b79-5a88-41a8-9b94-125a53f5430c,109,bf6ce8c9-85e7-4882-90a4-42cffa82f758,6873.61,1699.3399999999995,0.01,2000,0,0
70596b79-5a88-41a8-9b94-125a53f5430c,109,73bf48bc-d2ec-466e-8090-4781a4edd986,125.31,489,50,500,2,0.04
70596b79-5a88-41a8-9b94-125a53f5430c,109,e44a6184-0b14-4fcb-a385-e9ed68fe17c4,121.32,488,50,500,3,0.06
70596b79-5a88-41a8-9b94-125a53f5430c,109,c314bd6c-7b2b-4ca2-9235-878f57e9da29,120.98,463,50,500,31,0.62
70596b79-5a88-41a8-9b94-125a53f5430c,109,740ddbc7-9ed8-4c96-8673-32f80cbae031,139.91,415,50,500,0,0
70596b79-5a88-41a8-9b94-125a53f5430c,109,f34b7321-b2bb-4f72-a843-bb3c79fc24aa,117.73,20,20,200,97,4.85
70596b79-5a88-41a8-9b94-125a53f5430c,109,b65e06a6-02ee-408d-9170-967436ca47f1,120.71,77,20,200,56,2.8
70596b79-5a88-41a8-9b94-125a53f5430c,110,19383c3a-9fbc-426e-bb65-815cebb88f00,3981.45,1695.3499999999995,0.01,2000,0,0
70596b79-5a88-41a8-9b94-125a53f5430c,110,bf6ce8c9-85e7-4882-90a4-42cffa82f758,6323.72,1699.3499999999995,0.01,2000,0,0
70596b79-5a88-41a8-9b94-125a53f5430c,110,73bf48bc-d2ec-466e-8090-4781a4edd986,115.79,443,50,500,57,1.14
70596b79-5a88-41a8-9b94-125a53f5430c,110,e44a6184-0b14-4fcb-a385-e9ed68fe17c4,112.34,364,50,500,136,2.72
70596b79-5a88-41a8-9b94-125a53f5430c,110,c314bd6c-7b2b-4ca2-9235-878f57e9da29,118.8,467,50,500,33,0.66
70596b79-5a88-41a8-9b94-125a53f5430c,110,740ddbc7-9ed8-4c96-8673-32f80cbae031,128.72,460,50,500,5,0.1
70596b79-5a88-41a8-9b94-125a53f5430c,110,f34b7321-b2bb-4f72-a843-bb3c79fc24aa,165.41,40,20,200,0,0
70596b79-5a88-41a8-9b94-125a53f5430c,110,b65e06a6-02ee-408d-9170-967436ca47f1,144.85,97,20,200,0,0
70596b79-5a88-41a8-9b94-125a53f5430c,111,19383c3a-9fbc-426e-bb65-815cebb88f00,3662.93,1695.3599999999994,0.01,2000,0,0
70596b79-5a88-41a8-9b94-125a53f5430c,111,bf6ce8c9-85e7-4882-90a4-42cffa82f758,5817.82,1699.3599999999994,0.01,2000,0,0
70596b79-5a88-41a8-9b94-125a53f5430c,111,73bf48bc-d2ec-466e-8090-4781a4edd986,119.73,455,50,500,38,0.76
70596b79-5a88-41a8-9b94-125a53f5430c,111,e44a6184-0b14-4fcb-a385-e9ed68fe17c4,133.91,414,50,500,0,0
70596b79-5a88-41a8-9b94-125a53f5430c,111,c314bd6c-7b2b-4ca2-9235-878f57e9da29,117.14,393,50,500,107,2.14
70596b79-5a88-41a8-9b94-125a53f5430c,111,740ddbc7-9ed8-4c96-8673-32f80cbae031,119.71,448,50,500,52,1.04
70596b79-5a88-41a8-9b94-125a53f5430c,111,f34b7321-b2bb-4f72-a843-bb3c79fc24aa,152.18,60,20,200,0,0
70596b79-5a88-41a8-9b94-125a53f5430c,111,b65e06a6-02ee-408d-9170-967436ca47f1,133.26,116,20,200,1,0.05
70596b79-5a88-41a8-9b94-125a53f5430c,112,19383c3a-9fbc-426e-bb65-815cebb88f00,3369.9,1695.3699999999994,0.01,2000,0,0
70596b79-5a88-41a8-9b94-125a53f5430c,112,bf6ce8c9-85e7-4882-90a4-42cffa82f758,5352.39,1699.3699999999994,0.01,2000,0,0
70596b79-5a88-41a8-9b94-125a53f5430c,112,73bf48bc-d2ec-466e-8090-4781a4edd986,119.25,384,50,500,116,2.32
70596b79-5a88-41a8-9b94-125a53f5430c,112,e44a6184-0b14-4fcb-a385-e9ed68fe17c4,123.2,451,50,500,13,0.26
70596b79-5a88-41a8-9b94-125a53f5430c,112,c314bd6c-7b2b-4ca2-9235-878f57e9da29,132.84,437,50,500,6,0.12
70596b79-5a88-41a8-9b94-125a53f5430c,112,740ddbc7-9ed8-4c96-8673-32f80cbae031,122.58,469,50,500,29,0.58
70596b79-5a88-41a8-9b94-125a53f5430c,112,f34b7321-b2bb-4f72-a843-bb3c79fc24aa,140.01,80,20,200,0,0
70596b79-5a88-41a8-9b94-125a53f5430c,112,b65e06a6-02ee-408d-9170-967436ca47f1,123.27,131,20,200,5,0.25
70596b79-5a88-41a8-9b94-125a53f5430c,113,19383c3a-9fbc-426e-bb65-815cebb88f00,3100.31,1695.3799999999994,0.01,2000,0,0
70596b79-5a88-41a8-9b94-125a53f5430c,113,bf6ce8c9-85e7-4882-90a4-42cffa82f758,4924.2,1699.3799999999994,0.01,2000,0,0
70596b79-5a88-41a8-9b94-125a53f5430c,113,73bf48bc-d2ec-466e-8090-4781a4edd986,137.38,434,50,500,0,0
70596b79-5a88-41a8-9b94-125a53f5430c,113,e44a6184-0b14-4fcb-a385-e9ed68fe17c4,116.55,435,50,500,65,1.3
70596b79-5a88-41a8-9b94-125a53f5430c,113,c314bd6c-7b2b-4ca2-9235-878f57e9da29,123.81,487,50,500,0,0
70596b79-5a88-41a8-9b94-125a53f5430c,113,740ddbc7-9ed8-4c96-8673-32f80cbae031,119.88,468,50,500,32,0.64
70596b79-5a88-41a8-9b94-125a53f5430c,113,f34b7321-b2bb-4f72-a843-bb3c79fc24aa,128.81,99,20,200,1,0.05
70596b79-5a88-41a8-9b94-125a53f5430c,113,b65e06a6-02ee-408d-9170-967436ca47f1,116.49,49,20,200,102,5.1
70596b79-5a88-41a8-9b94-125a53f5430c,114,19383c3a-9fbc-426e-bb65-815cebb88f00,2852.29,1695.3899999999994,0.01,2000,0,0
70596b79-5a88-41a8-9b94-125a53f5430c,114,bf6ce8c9-85e7-4882-90a4-42cffa82f758,4530.26,1699.3899999999994,0.01,2000,0,0
70596b79-5a88-41a8-9b94-125a53f5430c,114,73bf48bc-d2ec-466e-8090-4781a4edd986,126.39,484,50,500,0,0
70596b79-5a88-41a8-9b94-125a53f5430c,114,e44a6184-0b14-4fcb-a385-e9ed68fe17c4,122.38,483,50,500,2,0.04
70596b79-5a88-41a8-9b94-125a53f5430c,114,c314bd6c-7b2b-4ca2-9235-878f57e9da29,113.91,361,50,500,139,2.78
70596b79-5a88-41a8-9b94-125a53f5430c,114,740ddbc7-9ed8-4c96-8673-32f80cbae031,117.96,431,50,500,69,1.38
70596b79-5a88-41a8-9b94-125a53f5430c,114,f34b7321-b2bb-4f72-a843-bb3c79fc24aa,119.15,92,20,200,27,1.35
70596b79-5a88-41a8-9b94-125a53f5430c,114,b65e06a6-02ee-408d-9170-967436ca47f1,166.58,69,20,200,0,0
70596b79-5a88-41a8-9b94-125a53f5430c,115,19383c3a-9fbc-426e-bb65-815cebb88f00,2624.11,1695.3999999999994,0.01,2000,0,0
70596b79-5a88-41a8-9b94-125a53f5430c,115,bf6ce8c9-85e7-4882-90a4-42cffa82f758,4167.84,1699.3999999999994,0.01,2000,0,0
70596b79-5a88-41a8-9b94-125a53f5430c,115,73bf48bc-d2ec-466e-8090-4781a4edd986,116.28,446,50,500,54,1.08
70596b79-5a88-41a8-9b94-125a53f5430c,115,e44a6184-0b14-4fcb-a385-e9ed68fe17c4,113.08,404,50,500,96,1.92
70596b79-5a88-41a8-9b94-125a53f5430c,115,c314bd6c-7b2b-4ca2-9235-878f57e9da29,136.46,408,50,500,3,0.06
70596b79-5a88-41a8-9b94-125a53f5430c,115,740ddbc7-9ed8-4c96-8673-32f80cbae031,124.8,479,50,500,2,0.04
70596b79-5a88-41a8-9b94-125a53f5430c,115,f34b7321-b2bb-4f72-a843-bb3c79fc24aa,125.7,99,20,200,13,0.65
70596b79-5a88-41a8-9b94-125a53f5430c,115,b65e06a6-02ee-408d-9170-967436ca47f1,153.25,89,20,200,0,0
70596b79-5a88-41a8-9b94-125a53f5430c,116,19383c3a-9fbc-426e-bb65-815cebb88f00,2414.18,1695.4099999999994,0.01,2000,0,0
70596b79-5a88-41a8-9b94-125a53f5430c,116,bf6ce8c9-85e7-4882-90a4-42cffa82f758,3834.41,1699.4099999999994,0.01,2000,0,0
70596b79-5a88-41a8-9b94-125a53f5430c,116,73bf48bc-d2ec-466e-8090-4781a4edd986,119.54,457,50,500,39,0.78
70596b79-5a88-41a8-9b94-125a53f5430c,116,e44a6184-0b14-4fcb-a385-e9ed68fe17c4,125.74,449,50,500,5,0.1
70596b79-5a88-41a8-9b94-125a53f5430c,116,c314bd6c-7b2b-4ca2-9235-878f57e9da29,126.36,455,50,500,3,0.06
70596b79-5a88-41a8-9b94-125a53f5430c,116,740ddbc7-9ed8-4c96-8673-32f80cbae031,115.32,386,50,500,114,2.28
70596b79-5a88-41a8-9b94-125a53f5430c,116,f34b7321-b2bb-4f72-a843-bb3c79fc24aa,123.81,84,20,200,35,1.75
70596b79-5a88-41a8-9b94-125a53f5430c,116,b65e06a6-02ee-408d-9170-967436ca47f1,140.99,109,20,200,0,0
70596b79-5a88-41a8-9b94-125a53f5430c,117,19383c3a-9fbc-426e-bb65-815cebb88f00,2221.05,1695.4199999999994,0.01,2000,0,0
70596b79-5a88-41a8-9b94-125a53f5430c,117,bf6ce8c9-85e7-4882-90a4-42cffa82f758,3527.66,1699.4199999999994,0.01,2000,0,0
70596b79-5a88-41a8-9b94-125a53f5430c,117,73bf48bc-d2ec-466e-8090-4781a4edd986,119.3,478,50,500,22,0.44
70596b79-5a88-41a8-9b94-125a53f5430c,117,e44a6184-0b14-4fcb-a385-e9ed68fe17c4,116.94,389,50,500,110,2.2
70596b79-5a88-41a8-9b94-125a53f5430c,117,c314bd6c-7b2b-4ca2-9235-878f57e9da29,117.01,456,50,500,44,0.88
70596b79-5a88-41a8-9b94-125a53f5430c,117,740ddbc7-9ed8-4c96-8673-32f80cbae031,132.39,432,50,500,4,0.08
70596b79-5a88-41a8-9b94-125a53f5430c,117,f34b7321-b2bb-4f72-a843-bb3c79fc24aa,135.57,104,20,200,0,0
70596b79-5a88-41a8-9b94-125a53f5430c,117,b65e06a6-02ee-408d-9170-967436ca47f1,129.71,122,20,200,7,0.35
70596b79-5a88-41a8-9b94-125a53f5430c,118,19383c3a-9fbc-426e-bb65-815cebb88f00,2043.37,1695.4299999999994,0.01,2000,0,0
70596b79-5a88-41a8-9b94-125a53f5430c,118,bf6ce8c9-85e7-4882-90a4-42cffa82f758,3245.45,1699.4299999999994,0.01,2000,0,0
70596b79-5a88-41a8-9b94-125a53f5430c,118,73bf48bc-d2ec-466e-8090-4781a4edd986,115.01,365,50,500,135,2.7
70596b79-5a88-41a8-9b94-125a53f5430c,118,e44a6184-0b14-4fcb-a385-e9ed68fe17c4,133.31,439,50,500,0,0
70596b79-5a88-41a8-9b94-125a53f5430c,118,c314bd6c-7b2b-4ca2-9235-878f57e9da29,117.95,461,50,500,39,0.78
70596b79-5a88-41a8-9b94-125a53f5430c,118,740ddbc7-9ed8-4c96-8673-32f80cbae031,122.86,450,50,500,32,0.64
70596b79-5a88-41a8-9b94-125a53f5430c,118,f34b7321-b2bb-4f72-a843-bb3c79fc24aa,124.72,119,20,200,5,0.25
70596b79-5a88-41a8-9b94-125a53f5430c,118,b65e06a6-02ee-408d-9170-967436ca47f1,123.87,137,20,200,5,0.25
70596b79-5a88-41a8-9b94-125a53f5430c,119,19383c3a-9fbc-426e-bb65-815cebb88f00,1879.9,1695.4399999999994,0.01,2000,0,0
70596b79-5a88-41a8-9b94-125a53f5430c,119,bf6ce8c9-85e7-4882-90a4-42cffa82f758,2985.81,1699.4399999999994,0.01,2000,0,0
70596b79-5a88-41a8-9b94-125a53f5430c,119,73bf48bc-d2ec-466e-8090-4781a4edd986,136.86,415,50,500,0,0
70596b79-5a88-41a8-9b94-125a53f5430c,119,e44a6184-0b14-4fcb-a385-e9ed68fe17c4,122.65,488,50,500,1,0.02
70596b79-5a88-41a8-9b94-125a53f5430c,119,c314bd6c-7b2b-4ca2-9235-878f57e9da29,117.71,454,50,500,46,0.92
70596b79-5a88-41a8-9b94-125a53f5430c,119,740ddbc7-9ed8-4c96-8673-32f80cbae031,120.89,474,50,500,26,0.52
70596b79-5a88-41a8-9b94-125a53f5430c,119,f34b7321-b2bb-4f72-a843-bb3c79fc24aa,117.86,119,20,200,20,1.0
70596b79-5a88-41a8-9b94-125a53f5430c,119,b65e06a6-02ee-408d-9170-967436ca47f1,117.06,47,20,200,110,5.5
